parcel_id,ai_review_score,investment_category,manual_review_flag_ai,recommendation_ai,reasoning_summary_ai,key_risks_ai,missing_information,next_due_diligence_step_ai,confidence_level,model_used
40850-02-12-06130,6.7,Strong Manual Review Candidate,True,Drive By,AI review failed; fallback rule-based score used.,Weak or unverified surrounding value signal,Missing LiteLLM environment variables,Drive by and verify assessor/parcel details,Low,Rule-based only
34300-03-32-15230,6.7,Strong Manual Review Candidate,True,Drive By,AI review failed; fallback rule-based score used.,Weak or unverified surrounding value signal,Missing LiteLLM environment variables,Drive by and verify assessor/parcel details,Low,Rule-based only
29675-03-07-09890,6.7,Strong Manual Review Candidate,True,Drive By,AI review failed; fallback rule-based score used.,Weak or unverified surrounding value signal,Missing LiteLLM environment variables,Drive by and verify assessor/parcel details,Low,Rule-based only
16250-92-05-01100,6.7,Strong Manual Review Candidate,True,Drive By,AI review failed; fallback rule-based score used.,Weak or unverified surrounding value signal,Missing LiteLLM environment variables,Drive by and verify assessor/parcel details,Low,Rule-based only
41025-02-01-06220,6.7,Strong Manual Review Candidate,True,Drive By,AI review failed; fallback rule-based score used.,Weak or unverified surrounding value signal,Missing LiteLLM environment variables,Drive by and verify assessor/parcel details,Low,Rule-based only
41025-02-01-01230,6.7,Strong Manual Review Candidate,True,Drive By,AI review failed; fallback rule-based score used.,Weak or unverified surrounding value signal,Missing LiteLLM environment variables,Drive by and verify assessor/parcel details,Low,Rule-based only
34300-03-32-14790,6.7,Strong Manual Review Candidate,True,Drive By,AI review failed; fallback rule-based score used.,Weak or unverified surrounding value signal,Missing LiteLLM environment variables,Drive by and verify assessor/parcel details,Low,Rule-based only
26725-02-25-17680,6.7,Strong Manual Review Candidate,True,Drive By,AI review failed; fallback rule-based score used.,Weak or unverified surrounding value signal,Missing LiteLLM environment variables,Drive by and verify assessor/parcel details,Low,Rule-based only
29775-02-26-04910,6.7,Strong Manual Review Candidate,True,Drive By,AI review failed; fallback rule-based score used.,Weak or unverified surrounding value signal,Missing LiteLLM environment variables,Drive by and verify assessor/parcel details,Low,Rule-based only
41025-02-01-04500,6.7,Strong Manual Review Candidate,True,Drive By,AI review failed; fallback rule-based score used.,Weak or unverified surrounding value signal,Missing LiteLLM environment variables,Drive by and verify assessor/parcel details,Low,Rule-based only
44200-02-11-04390,6.7,Strong Manual Review Candidate,True,Drive By,AI review failed; fallback rule-based score used.,Weak or unverified surrounding value signal,Missing LiteLLM environment variables,Drive by and verify assessor/parcel details,Low,Rule-based only
44200-02-11-05670,6.7,Strong Manual Review Candidate,True,Drive By,AI review failed; fallback rule-based score used.,Weak or unverified surrounding value signal,Missing LiteLLM environment variables,Drive by and verify assessor/parcel details,Low,Rule-based only
47700-02-26-09610,6.7,Strong Manual Review Candidate,True,Drive By,AI review failed; fallback rule-based score used.,Weak or unverified surrounding value signal,Missing LiteLLM environment variables,Drive by and verify assessor/parcel details,Low,Rule-based only
13800-02-12-02160,6.7,Strong Manual Review Candidate,True,Drive By,AI review failed; fallback rule-based score used.,Weak or unverified surrounding value signal,Missing LiteLLM environment variables,Drive by and verify assessor/parcel details,Low,Rule-based only
36090-03-08-00970,6.7,Strong Manual Review Candidate,True,Drive By,AI review failed; fallback rule-based score used.,Weak or unverified surrounding value signal,Missing LiteLLM environment variables,Drive by and verify assessor/parcel details,Low,Rule-based only
05450-02-25-27030,6.7,Strong Manual Review Candidate,True,Drive By,AI review failed; fallback rule-based score used.,Weak or unverified surrounding value signal,Missing LiteLLM environment variables,Drive by and verify assessor/parcel details,Low,Rule-based only
34750-02-26-08160,6.7,Strong Manual Review Candidate,True,Drive By,AI review failed; fallback rule-based score used.,Weak or unverified surrounding value signal,Missing LiteLLM environment variables,Drive by and verify assessor/parcel details,Low,Rule-based only
19725-03-30-11560,6.7,Strong Manual Review Candidate,True,Drive By,AI review failed; fallback rule-based score used.,Weak or unverified surrounding value signal,Missing LiteLLM environment variables,Drive by and verify assessor/parcel details,Low,Rule-based only
78810-84-11-09860,6.7,Strong Manual Review Candidate,True,Drive By,AI review failed; fallback rule-based score used.,Weak or unverified surrounding value signal,Missing LiteLLM environment variables,Drive by and verify assessor/parcel details,Low,Rule-based only
40825-02-13-08350,6.7,Strong Manual Review Candidate,True,Drive By,AI review failed; fallback rule-based score used.,Weak or unverified surrounding value signal,Missing LiteLLM environment variables,Drive by and verify assessor/parcel details,Low,Rule-based only
23175-03-30-13610,6.7,Strong Manual Review Candidate,True,Drive By,AI review failed; fallback rule-based score used.,Weak or unverified surrounding value signal,Missing LiteLLM environment variables,Drive by and verify assessor/parcel details,Low,Rule-based only
44200-02-11-03560,6.7,Strong Manual Review Candidate,True,Drive By,AI review failed; fallback rule-based score used.,Weak or unverified surrounding value signal,Missing LiteLLM environment variables,Drive by and verify assessor/parcel details,Low,Rule-based only
25500-03-29-06000,6.7,Strong Manual Review Candidate,True,Drive By,AI review failed; fallback rule-based score used.,Weak or unverified surrounding value signal,Missing LiteLLM environment variables,Drive by and verify assessor/parcel details,Low,Rule-based only
41025-02-01-04490,6.7,Strong Manual Review Candidate,True,Drive By,AI review failed; fallback rule-based score used.,Weak or unverified surrounding value signal,Missing LiteLLM environment variables,Drive by and verify assessor/parcel details,Low,Rule-based only
53775-02-02-00220,6.7,Strong Manual Review Candidate,True,Drive By,AI review failed; fallback rule-based score used.,Weak or unverified surrounding value signal,Missing LiteLLM environment variables,Drive by and verify assessor/parcel details,Low,Rule-based only
23125-02-25-15350,6.7,Strong Manual Review Candidate,True,Drive By,AI review failed; fallback rule-based score used.,Weak or unverified surrounding value signal,Missing LiteLLM environment variables,Drive by and verify assessor/parcel details,Low,Rule-based only
40800-02-13-04700,6.7,Strong Manual Review Candidate,True,Drive By,AI review failed; fallback rule-based score used.,Weak or unverified surrounding value signal,Missing LiteLLM environment variables,Drive by and verify assessor/parcel details,Low,Rule-based only
44200-02-11-01790,6.7,Strong Manual Review Candidate,True,Drive By,AI review failed; fallback rule-based score used.,Weak or unverified surrounding value signal,Missing LiteLLM environment variables,Drive by and verify assessor/parcel details,Low,Rule-based only
44200-02-11-01470,6.7,Strong Manual Review Candidate,True,Drive By,AI review failed; fallback rule-based score used.,Weak or unverified surrounding value signal,Missing LiteLLM environment variables,Drive by and verify assessor/parcel details,Low,Rule-based only
16050-93-06-08050,6.7,Strong Manual Review Candidate,True,Drive By,AI review failed; fallback rule-based score used.,Weak or unverified surrounding value signal,Missing LiteLLM environment variables,Drive by and verify assessor/parcel details,Low,Rule-based only
09725-03-30-08040,6.7,Strong Manual Review Candidate,True,Drive By,AI review failed; fallback rule-based score used.,Weak or unverified surrounding value signal,Missing LiteLLM environment variables,Drive by and verify assessor/parcel details,Low,Rule-based only
37375-03-32-16320,6.7,Strong Manual Review Candidate,True,Drive By,AI review failed; fallback rule-based score used.,Weak or unverified surrounding value signal,Missing LiteLLM environment variables,Drive by and verify assessor/parcel details,Low,Rule-based only
44200-02-14-06630,6.7,Strong Manual Review Candidate,True,Drive By,AI review failed; fallback rule-based score used.,Weak or unverified surrounding value signal,Missing LiteLLM environment variables,Drive by and verify assessor/parcel details,Low,Rule-based only
44650-92-04-13070,6.7,Strong Manual Review Candidate,True,Drive By,AI review failed; fallback rule-based score used.,Weak or unverified surrounding value signal,Missing LiteLLM environment variables,Drive by and verify assessor/parcel details,Low,Rule-based only
44250-02-12-14920,6.7,Strong Manual Review Candidate,True,Drive By,AI review failed; fallback rule-based score used.,Weak or unverified surrounding value signal,Missing LiteLLM environment variables,Drive by and verify assessor/parcel details,Low,Rule-based only
44200-02-11-03530,6.7,Strong Manual Review Candidate,True,Drive By,AI review failed; fallback rule-based score used.,Weak or unverified surrounding value signal,Missing LiteLLM environment variables,Drive by and verify assessor/parcel details,Low,Rule-based only
44225-02-12-09330,6.7,Strong Manual Review Candidate,True,Drive By,AI review failed; fallback rule-based score used.,Weak or unverified surrounding value signal,Missing LiteLLM environment variables,Drive by and verify assessor/parcel details,Low,Rule-based only
52550-92-33-05285,6.7,Strong Manual Review Candidate,True,Drive By,AI review failed; fallback rule-based score used.,"Weak or unverified surrounding value signal; Could be lot-only or unimproved, verify improvements",Missing LiteLLM environment variables,Drive by and verify assessor/parcel details,Low,Rule-based only
07725-02-13-02930,6.7,Strong Manual Review Candidate,True,Drive By,AI review failed; fallback rule-based score used.,Weak or unverified surrounding value signal,Missing LiteLLM environment variables,Drive by and verify assessor/parcel details,Low,Rule-based only
79200-84-14-04250,6.7,Strong Manual Review Candidate,True,Drive By,AI review failed; fallback rule-based score used.,Weak or unverified surrounding value signal,Missing LiteLLM environment variables,Drive by and verify assessor/parcel details,Low,Rule-based only
07675-02-13-01140,6.7,Strong Manual Review Candidate,True,Drive By,AI review failed; fallback rule-based score used.,Weak or unverified surrounding value signal,Missing LiteLLM environment variables,Drive by and verify assessor/parcel details,Low,Rule-based only
49650-03-34-13420,6.7,Strong Manual Review Candidate,True,Drive By,AI review failed; fallback rule-based score used.,Weak or unverified surrounding value signal,Missing LiteLLM environment variables,Drive by and verify assessor/parcel details,Low,Rule-based only
41025-02-01-06510,6.7,Strong Manual Review Candidate,True,Drive By,AI review failed; fallback rule-based score used.,Weak or unverified surrounding value signal,Missing LiteLLM environment variables,Drive by and verify assessor/parcel details,Low,Rule-based only
15500-03-32-04800,6.7,Strong Manual Review Candidate,True,Drive By,AI review failed; fallback rule-based score used.,Weak or unverified surrounding value signal,Missing LiteLLM environment variables,Drive by and verify assessor/parcel details,Low,Rule-based only
05825-03-30-01260,6.7,Strong Manual Review Candidate,True,Drive By,AI review failed; fallback rule-based score used.,Weak or unverified surrounding value signal,Missing LiteLLM environment variables,Drive by and verify assessor/parcel details,Low,Rule-based only
37650-02-12-04530,6.7,Strong Manual Review Candidate,True,Drive By,AI review failed; fallback rule-based score used.,Weak or unverified surrounding value signal,Missing LiteLLM environment variables,Drive by and verify assessor/parcel details,Low,Rule-based only
49700-03-34-14030,6.7,Strong Manual Review Candidate,True,Drive By,AI review failed; fallback rule-based score used.,Weak or unverified surrounding value signal,Missing LiteLLM environment variables,Drive by and verify assessor/parcel details,Low,Rule-based only
32325-92-24-04910,6.7,Strong Manual Review Candidate,True,Drive By,AI review failed; fallback rule-based score used.,Weak or unverified surrounding value signal,Missing LiteLLM environment variables,Drive by and verify assessor/parcel details,Low,Rule-based only
44200-02-11-01060,6.7,Strong Manual Review Candidate,True,Drive By,AI review failed; fallback rule-based score used.,Weak or unverified surrounding value signal,Missing LiteLLM environment variables,Drive by and verify assessor/parcel details,Low,Rule-based only
17675-02-24-07570,6.7,Strong Manual Review Candidate,True,Drive By,AI review failed; fallback rule-based score used.,Weak or unverified surrounding value signal,Missing LiteLLM environment variables,Drive by and verify assessor/parcel details,Low,Rule-based only
25500-03-29-06060,6.7,Strong Manual Review Candidate,True,Drive By,AI review failed; fallback rule-based score used.,Weak or unverified surrounding value signal,Missing LiteLLM environment variables,Drive by and verify assessor/parcel details,Low,Rule-based only
17675-02-24-08030,6.7,Strong Manual Review Candidate,True,Drive By,AI review failed; fallback rule-based score used.,Weak or unverified surrounding value signal,Missing LiteLLM environment variables,Drive by and verify assessor/parcel details,Low,Rule-based only
44200-02-11-03380,6.7,Strong Manual Review Candidate,True,Drive By,AI review failed; fallback rule-based score used.,Weak or unverified surrounding value signal,Missing LiteLLM environment variables,Drive by and verify assessor/parcel details,Low,Rule-based only
25375-03-29-05240,6.7,Strong Manual Review Candidate,True,Drive By,AI review failed; fallback rule-based score used.,Weak or unverified surrounding value signal,Missing LiteLLM environment variables,Drive by and verify assessor/parcel details,Low,Rule-based only
44250-02-12-15190,6.7,Strong Manual Review Candidate,True,Drive By,AI review failed; fallback rule-based score used.,Weak or unverified surrounding value signal,Missing LiteLLM environment variables,Drive by and verify assessor/parcel details,Low,Rule-based only
29650-03-07-03460,6.7,Strong Manual Review Candidate,True,Drive By,AI review failed; fallback rule-based score used.,Weak or unverified surrounding value signal,Missing LiteLLM environment variables,Drive by and verify assessor/parcel details,Low,Rule-based only
53825-02-02-01310,6.7,Strong Manual Review Candidate,True,Drive By,AI review failed; fallback rule-based score used.,Weak or unverified surrounding value signal,Missing LiteLLM environment variables,Drive by and verify assessor/parcel details,Low,Rule-based only
46465-92-11-31880,6.7,Strong Manual Review Candidate,True,Drive By,AI review failed; fallback rule-based score used.,Weak or unverified surrounding value signal,Missing LiteLLM environment variables,Drive by and verify assessor/parcel details,Low,Rule-based only
12175-92-03-02290,6.7,Strong Manual Review Candidate,True,Drive By,AI review failed; fallback rule-based score used.,Weak or unverified surrounding value signal,Missing LiteLLM environment variables,Drive by and verify assessor/parcel details,Low,Rule-based only
07675-02-13-01590,6.7,Strong Manual Review Candidate,True,Drive By,AI review failed; fallback rule-based score used.,Weak or unverified surrounding value signal,Missing LiteLLM environment variables,Drive by and verify assessor/parcel details,Low,Rule-based only
04550-03-32-02430,6.7,Strong Manual Review Candidate,True,Drive By,AI review failed; fallback rule-based score used.,Weak or unverified surrounding value signal,Missing LiteLLM environment variables,Drive by and verify assessor/parcel details,Low,Rule-based only
26250-92-05-02570,6.7,Strong Manual Review Candidate,True,Drive By,AI review failed; fallback rule-based score used.,Weak or unverified surrounding value signal,Missing LiteLLM environment variables,Drive by and verify assessor/parcel details,Low,Rule-based only
44225-02-12-10920,6.7,Strong Manual Review Candidate,True,Drive By,AI review failed; fallback rule-based score used.,Weak or unverified surrounding value signal,Missing LiteLLM environment variables,Drive by and verify assessor/parcel details,Low,Rule-based only
29625-02-36-21010,6.7,Strong Manual Review Candidate,True,Drive By,AI review failed; fallback rule-based score used.,Weak or unverified surrounding value signal,Missing LiteLLM environment variables,Drive by and verify assessor/parcel details,Low,Rule-based only
10450-03-19-50550,6.7,Strong Manual Review Candidate,True,Drive By,AI review failed; fallback rule-based score used.,Weak or unverified surrounding value signal,Missing LiteLLM environment variables,Drive by and verify assessor/parcel details,Low,Rule-based only
28025-93-11-08980,6.7,Strong Manual Review Candidate,True,Drive By,AI review failed; fallback rule-based score used.,Weak or unverified surrounding value signal,Missing LiteLLM environment variables,Drive by and verify assessor/parcel details,Low,Rule-based only
37650-02-12-04250,6.7,Strong Manual Review Candidate,True,Drive By,AI review failed; fallback rule-based score used.,Weak or unverified surrounding value signal,Missing LiteLLM environment variables,Drive by and verify assessor/parcel details,Low,Rule-based only
40825-02-13-08480,6.7,Strong Manual Review Candidate,True,Drive By,AI review failed; fallback rule-based score used.,Weak or unverified surrounding value signal,Missing LiteLLM environment variables,Drive by and verify assessor/parcel details,Low,Rule-based only
18650-93-06-12970,6.7,Strong Manual Review Candidate,True,Drive By,AI review failed; fallback rule-based score used.,Weak or unverified surrounding value signal,Missing LiteLLM environment variables,Drive by and verify assessor/parcel details,Low,Rule-based only
28475-03-33-14410,6.7,Strong Manual Review Candidate,True,Drive By,AI review failed; fallback rule-based score used.,Weak or unverified surrounding value signal,Missing LiteLLM environment variables,Drive by and verify assessor/parcel details,Low,Rule-based only
29675-03-07-09230,6.7,Strong Manual Review Candidate,True,Drive By,AI review failed; fallback rule-based score used.,Weak or unverified surrounding value signal,Missing LiteLLM environment variables,Drive by and verify assessor/parcel details,Low,Rule-based only
90330-03-30-22140,6.7,Strong Manual Review Candidate,True,Drive By,AI review failed; fallback rule-based score used.,Weak or unverified surrounding value signal,Missing LiteLLM environment variables,Drive by and verify assessor/parcel details,Low,Rule-based only
90201-02-01-25920,6.7,Strong Manual Review Candidate,True,Drive By,AI review failed; fallback rule-based score used.,Weak or unverified surrounding value signal,Missing LiteLLM environment variables,Drive by and verify assessor/parcel details,Low,Rule-based only
44200-02-11-03600,6.7,Strong Manual Review Candidate,True,Drive By,AI review failed; fallback rule-based score used.,Weak or unverified surrounding value signal,Missing LiteLLM environment variables,Drive by and verify assessor/parcel details,Low,Rule-based only
08450-03-29-03260,6.7,Strong Manual Review Candidate,True,Drive By,AI review failed; fallback rule-based score used.,Weak or unverified surrounding value signal,Missing LiteLLM environment variables,Drive by and verify assessor/parcel details,Low,Rule-based only
19725-03-30-11590,6.7,Strong Manual Review Candidate,True,Drive By,AI review failed; fallback rule-based score used.,Weak or unverified surrounding value signal,Missing LiteLLM environment variables,Drive by and verify assessor/parcel details,Low,Rule-based only
38575-03-28-12560,6.7,Strong Manual Review Candidate,True,Drive By,AI review failed; fallback rule-based score used.,Weak or unverified surrounding value signal,Missing LiteLLM environment variables,Drive by and verify assessor/parcel details,Low,Rule-based only
07675-02-13-01610,6.7,Strong Manual Review Candidate,True,Drive By,AI review failed; fallback rule-based score used.,Weak or unverified surrounding value signal,Missing LiteLLM environment variables,Drive by and verify assessor/parcel details,Low,Rule-based only
44200-02-11-02340,6.7,Strong Manual Review Candidate,True,Drive By,AI review failed; fallback rule-based score used.,Weak or unverified surrounding value signal,Missing LiteLLM environment variables,Drive by and verify assessor/parcel details,Low,Rule-based only
27550-93-08-18710,6.7,Strong Manual Review Candidate,True,Drive By,AI review failed; fallback rule-based score used.,Weak or unverified surrounding value signal,Missing LiteLLM environment variables,Drive by and verify assessor/parcel details,Low,Rule-based only
07600-02-24-00740,6.7,Strong Manual Review Candidate,True,Drive By,AI review failed; fallback rule-based score used.,Weak or unverified surrounding value signal,Missing LiteLLM environment variables,Drive by and verify assessor/parcel details,Low,Rule-based only
30125-03-28-10360,6.7,Strong Manual Review Candidate,True,Drive By,AI review failed; fallback rule-based score used.,Weak or unverified surrounding value signal,Missing LiteLLM environment variables,Drive by and verify assessor/parcel details,Low,Rule-based only
44200-02-11-02050,6.7,Strong Manual Review Candidate,True,Drive By,AI review failed; fallback rule-based score used.,Weak or unverified surrounding value signal,Missing LiteLLM environment variables,Drive by and verify assessor/parcel details,Low,Rule-based only
13200-02-26-00860,6.7,Strong Manual Review Candidate,True,Drive By,AI review failed; fallback rule-based score used.,Weak or unverified surrounding value signal,Missing LiteLLM environment variables,Drive by and verify assessor/parcel details,Low,Rule-based only
01800-03-35-01450,6.7,Strong Manual Review Candidate,True,Drive By,AI review failed; fallback rule-based score used.,Weak or unverified surrounding value signal,Missing LiteLLM environment variables,Drive by and verify assessor/parcel details,Low,Rule-based only
61475-91-11-02110,6.7,Strong Manual Review Candidate,True,Drive By,AI review failed; fallback rule-based score used.,Weak or unverified surrounding value signal,Missing LiteLLM environment variables,Drive by and verify assessor/parcel details,Low,Rule-based only
29650-03-07-06110,6.7,Strong Manual Review Candidate,True,Drive By,AI review failed; fallback rule-based score used.,Weak or unverified surrounding value signal,Missing LiteLLM environment variables,Drive by and verify assessor/parcel details,Low,Rule-based only
40850-02-12-06950,6.7,Strong Manual Review Candidate,True,Drive By,AI review failed; fallback rule-based score used.,Weak or unverified surrounding value signal,Missing LiteLLM environment variables,Drive by and verify assessor/parcel details,Low,Rule-based only
38605-92-05-04540,6.7,Strong Manual Review Candidate,True,Drive By,AI review failed; fallback rule-based score used.,Weak or unverified surrounding value signal,Missing LiteLLM environment variables,Drive by and verify assessor/parcel details,Low,Rule-based only
24200-03-28-06670,6.7,Strong Manual Review Candidate,True,Drive By,AI review failed; fallback rule-based score used.,Weak or unverified surrounding value signal,Missing LiteLLM environment variables,Drive by and verify assessor/parcel details,Low,Rule-based only
28975-03-28-09640,6.7,Strong Manual Review Candidate,True,Drive By,AI review failed; fallback rule-based score used.,Weak or unverified surrounding value signal,Missing LiteLLM environment variables,Drive by and verify assessor/parcel details,Low,Rule-based only
07675-02-13-01570,6.7,Strong Manual Review Candidate,True,Drive By,AI review failed; fallback rule-based score used.,Weak or unverified surrounding value signal,Missing LiteLLM environment variables,Drive by and verify assessor/parcel details,Low,Rule-based only
22025-03-35-07520,6.7,Strong Manual Review Candidate,True,Drive By,AI review failed; fallback rule-based score used.,Weak or unverified surrounding value signal,Missing LiteLLM environment variables,Drive by and verify assessor/parcel details,Low,Rule-based only
25525-03-29-06940,6.7,Strong Manual Review Candidate,True,Drive By,AI review failed; fallback rule-based score used.,Weak or unverified surrounding value signal,Missing LiteLLM environment variables,Drive by and verify assessor/parcel details,Low,Rule-based only
34750-02-26-08560,6.7,Strong Manual Review Candidate,True,Drive By,AI review failed; fallback rule-based score used.,Weak or unverified surrounding value signal,Missing LiteLLM environment variables,Drive by and verify assessor/parcel details,Low,Rule-based only
30200-02-26-07150,6.7,Strong Manual Review Candidate,True,Drive By,AI review failed; fallback rule-based score used.,Weak or unverified surrounding value signal,Missing LiteLLM environment variables,Drive by and verify assessor/parcel details,Low,Rule-based only
21600-02-35-08590,6.7,Strong Manual Review Candidate,True,Drive By,AI review failed; fallback rule-based score used.,Weak or unverified surrounding value signal,Missing LiteLLM environment variables,Drive by and verify assessor/parcel details,Low,Rule-based only
35925-03-30-16670,6.7,Strong Manual Review Candidate,True,Drive By,AI review failed; fallback rule-based score used.,Weak or unverified surrounding value signal,Missing LiteLLM environment variables,Drive by and verify assessor/parcel details,Low,Rule-based only
63700-12-13-00540,6.7,Strong Manual Review Candidate,True,Drive By,AI review failed; fallback rule-based score used.,Weak or unverified surrounding value signal,Missing LiteLLM environment variables,Drive by and verify assessor/parcel details,Low,Rule-based only
44200-02-11-01080,6.7,Strong Manual Review Candidate,True,Drive By,AI review failed; fallback rule-based score used.,Weak or unverified surrounding value signal,Missing LiteLLM environment variables,Drive by and verify assessor/parcel details,Low,Rule-based only
98224-82-24-37060,6.7,Strong Manual Review Candidate,True,Drive By,AI review failed; fallback rule-based score used.,Weak or unverified surrounding value signal,Missing LiteLLM environment variables,Drive by and verify assessor/parcel details,Low,Rule-based only
17925-92-04-03330,6.7,Strong Manual Review Candidate,True,Drive By,AI review failed; fallback rule-based score used.,Weak or unverified surrounding value signal,Missing LiteLLM environment variables,Drive by and verify assessor/parcel details,Low,Rule-based only
49600-03-17-06000,6.7,Strong Manual Review Candidate,True,Drive By,AI review failed; fallback rule-based score used.,Weak or unverified surrounding value signal,Missing LiteLLM environment variables,Drive by and verify assessor/parcel details,Low,Rule-based only
59900-24-20-00058,6.7,Strong Manual Review Candidate,True,Drive By,AI review failed; fallback rule-based score used.,Weak or unverified surrounding value signal,Missing LiteLLM environment variables,Drive by and verify assessor/parcel details,Low,Rule-based only
09175-93-05-05710,6.7,Strong Manual Review Candidate,True,Drive By,AI review failed; fallback rule-based score used.,Weak or unverified surrounding value signal,Missing LiteLLM environment variables,Drive by and verify assessor/parcel details,Low,Rule-based only
00775-02-25-00730,6.7,Strong Manual Review Candidate,True,Drive By,AI review failed; fallback rule-based score used.,Weak or unverified surrounding value signal,Missing LiteLLM environment variables,Drive by and verify assessor/parcel details,Low,Rule-based only
41950-02-24-12580,6.7,Strong Manual Review Candidate,True,Drive By,AI review failed; fallback rule-based score used.,Weak or unverified surrounding value signal,Missing LiteLLM environment variables,Drive by and verify assessor/parcel details,Low,Rule-based only
04925-03-35-02930,6.7,Strong Manual Review Candidate,True,Drive By,AI review failed; fallback rule-based score used.,Weak or unverified surrounding value signal,Missing LiteLLM environment variables,Drive by and verify assessor/parcel details,Low,Rule-based only
36075-03-08-00420,6.7,Strong Manual Review Candidate,True,Drive By,AI review failed; fallback rule-based score used.,Weak or unverified surrounding value signal,Missing LiteLLM environment variables,Drive by and verify assessor/parcel details,Low,Rule-based only
45600-94-16-00400,6.7,Strong Manual Review Candidate,True,Drive By,AI review failed; fallback rule-based score used.,Weak or unverified surrounding value signal,Missing LiteLLM environment variables,Drive by and verify assessor/parcel details,Low,Rule-based only
44325-03-36-04550,6.7,Strong Manual Review Candidate,True,Drive By,AI review failed; fallback rule-based score used.,Weak or unverified surrounding value signal,Missing LiteLLM environment variables,Drive by and verify assessor/parcel details,Low,Rule-based only
56625-92-20-01430,6.7,Strong Manual Review Candidate,True,Drive By,AI review failed; fallback rule-based score used.,Weak or unverified surrounding value signal,Missing LiteLLM environment variables,Drive by and verify assessor/parcel details,Low,Rule-based only
29650-03-07-05860,6.7,Strong Manual Review Candidate,True,Drive By,AI review failed; fallback rule-based score used.,Weak or unverified surrounding value signal,Missing LiteLLM environment variables,Drive by and verify assessor/parcel details,Low,Rule-based only
00575-93-06-01170,6.7,Strong Manual Review Candidate,True,Drive By,AI review failed; fallback rule-based score used.,Weak or unverified surrounding value signal,Missing LiteLLM environment variables,Drive by and verify assessor/parcel details,Low,Rule-based only
11000-83-06-00270,6.7,Strong Manual Review Candidate,True,Drive By,AI review failed; fallback rule-based score used.,Weak or unverified surrounding value signal,Missing LiteLLM environment variables,Drive by and verify assessor/parcel details,Low,Rule-based only
20300-92-03-05280,6.7,Strong Manual Review Candidate,True,Drive By,AI review failed; fallback rule-based score used.,Weak or unverified surrounding value signal,Missing LiteLLM environment variables,Drive by and verify assessor/parcel details,Low,Rule-based only
49800-03-34-15300,6.7,Strong Manual Review Candidate,True,Drive By,AI review failed; fallback rule-based score used.,Weak or unverified surrounding value signal,Missing LiteLLM environment variables,Drive by and verify assessor/parcel details,Low,Rule-based only
23900-03-27-09360,6.7,Strong Manual Review Candidate,True,Drive By,AI review failed; fallback rule-based score used.,Weak or unverified surrounding value signal,Missing LiteLLM environment variables,Drive by and verify assessor/parcel details,Low,Rule-based only
40325-94-17-06900,6.7,Strong Manual Review Candidate,True,Drive By,AI review failed; fallback rule-based score used.,Weak or unverified surrounding value signal,Missing LiteLLM environment variables,Drive by and verify assessor/parcel details,Low,Rule-based only
13775-02-12-01490,6.7,Strong Manual Review Candidate,True,Drive By,AI review failed; fallback rule-based score used.,Weak or unverified surrounding value signal,Missing LiteLLM environment variables,Drive by and verify assessor/parcel details,Low,Rule-based only
02350-03-35-02480,6.7,Strong Manual Review Candidate,True,Drive By,AI review failed; fallback rule-based score used.,Weak or unverified surrounding value signal,Missing LiteLLM environment variables,Drive by and verify assessor/parcel details,Low,Rule-based only
16275-92-05-01670,6.7,Strong Manual Review Candidate,True,Drive By,AI review failed; fallback rule-based score used.,Weak or unverified surrounding value signal,Missing LiteLLM environment variables,Drive by and verify assessor/parcel details,Low,Rule-based only
17675-02-24-07550,6.7,Strong Manual Review Candidate,True,Drive By,AI review failed; fallback rule-based score used.,Weak or unverified surrounding value signal,Missing LiteLLM environment variables,Drive by and verify assessor/parcel details,Low,Rule-based only
34300-03-32-14720,6.7,Strong Manual Review Candidate,True,Drive By,AI review failed; fallback rule-based score used.,Weak or unverified surrounding value signal,Missing LiteLLM environment variables,Drive by and verify assessor/parcel details,Low,Rule-based only
49725-03-34-14590,6.7,Strong Manual Review Candidate,True,Drive By,AI review failed; fallback rule-based score used.,Weak or unverified surrounding value signal,Missing LiteLLM environment variables,Drive by and verify assessor/parcel details,Low,Rule-based only
07725-02-13-02870,6.7,Strong Manual Review Candidate,True,Drive By,AI review failed; fallback rule-based score used.,Weak or unverified surrounding value signal,Missing LiteLLM environment variables,Drive by and verify assessor/parcel details,Low,Rule-based only
63125-91-11-15420,6.7,Strong Manual Review Candidate,True,Drive By,AI review failed; fallback rule-based score used.,Weak or unverified surrounding value signal,Missing LiteLLM environment variables,Drive by and verify assessor/parcel details,Low,Rule-based only
99203-92-03-14350,6.7,Strong Manual Review Candidate,True,Drive By,AI review failed; fallback rule-based score used.,Weak or unverified surrounding value signal,Missing LiteLLM environment variables,Drive by and verify assessor/parcel details,Low,Rule-based only
23125-02-25-14790,6.7,Strong Manual Review Candidate,True,Drive By,AI review failed; fallback rule-based score used.,Weak or unverified surrounding value signal,Missing LiteLLM environment variables,Drive by and verify assessor/parcel details,Low,Rule-based only
37800-93-02-09080,6.7,Strong Manual Review Candidate,True,Drive By,AI review failed; fallback rule-based score used.,Weak or unverified surrounding value signal,Missing LiteLLM environment variables,Drive by and verify assessor/parcel details,Low,Rule-based only
15125-03-33-05670,6.7,Strong Manual Review Candidate,True,Drive By,AI review failed; fallback rule-based score used.,Weak or unverified surrounding value signal,Missing LiteLLM environment variables,Drive by and verify assessor/parcel details,Low,Rule-based only
26825-93-01-08300,6.7,Strong Manual Review Candidate,True,Drive By,AI review failed; fallback rule-based score used.,Weak or unverified surrounding value signal,Missing LiteLLM environment variables,Drive by and verify assessor/parcel details,Low,Rule-based only
26825-93-01-07370,6.7,Strong Manual Review Candidate,True,Drive By,AI review failed; fallback rule-based score used.,Weak or unverified surrounding value signal,Missing LiteLLM environment variables,Drive by and verify assessor/parcel details,Low,Rule-based only
36525-94-02-01380,6.7,Strong Manual Review Candidate,True,Drive By,AI review failed; fallback rule-based score used.,Weak or unverified surrounding value signal,Missing LiteLLM environment variables,Drive by and verify assessor/parcel details,Low,Rule-based only
20300-92-03-05240,6.7,Strong Manual Review Candidate,True,Drive By,AI review failed; fallback rule-based score used.,Weak or unverified surrounding value signal,Missing LiteLLM environment variables,Drive by and verify assessor/parcel details,Low,Rule-based only
43925-03-35-15210,6.7,Strong Manual Review Candidate,True,Drive By,AI review failed; fallback rule-based score used.,Weak or unverified surrounding value signal,Missing LiteLLM environment variables,Drive by and verify assessor/parcel details,Low,Rule-based only
29350-03-07-02400,6.7,Strong Manual Review Candidate,True,Drive By,AI review failed; fallback rule-based score used.,Weak or unverified surrounding value signal,Missing LiteLLM environment variables,Drive by and verify assessor/parcel details,Low,Rule-based only
44250-02-12-14150,6.7,Strong Manual Review Candidate,True,Drive By,AI review failed; fallback rule-based score used.,Weak or unverified surrounding value signal,Missing LiteLLM environment variables,Drive by and verify assessor/parcel details,Low,Rule-based only
35900-03-30-15790,6.7,Strong Manual Review Candidate,True,Drive By,AI review failed; fallback rule-based score used.,Weak or unverified surrounding value signal,Missing LiteLLM environment variables,Drive by and verify assessor/parcel details,Low,Rule-based only
44200-02-11-01560,6.7,Strong Manual Review Candidate,True,Drive By,AI review failed; fallback rule-based score used.,Weak or unverified surrounding value signal,Missing LiteLLM environment variables,Drive by and verify assessor/parcel details,Low,Rule-based only
27775-03-36-02105,6.7,Strong Manual Review Candidate,True,Drive By,AI review failed; fallback rule-based score used.,Weak or unverified surrounding value signal,Missing LiteLLM environment variables,Drive by and verify assessor/parcel details,Low,Rule-based only
35900-03-30-15590,6.7,Strong Manual Review Candidate,True,Drive By,AI review failed; fallback rule-based score used.,Weak or unverified surrounding value signal,Missing LiteLLM environment variables,Drive by and verify assessor/parcel details,Low,Rule-based only
40825-02-13-09510,6.7,Strong Manual Review Candidate,True,Drive By,AI review failed; fallback rule-based score used.,Weak or unverified surrounding value signal,Missing LiteLLM environment variables,Drive by and verify assessor/parcel details,Low,Rule-based only
23900-03-27-09230,6.7,Strong Manual Review Candidate,True,Drive By,AI review failed; fallback rule-based score used.,Weak or unverified surrounding value signal,Missing LiteLLM environment variables,Drive by and verify assessor/parcel details,Low,Rule-based only
30200-02-26-07080,6.7,Strong Manual Review Candidate,True,Drive By,AI review failed; fallback rule-based score used.,Weak or unverified surrounding value signal,Missing LiteLLM environment variables,Drive by and verify assessor/parcel details,Low,Rule-based only
25650-03-34-12590,6.7,Strong Manual Review Candidate,True,Drive By,AI review failed; fallback rule-based score used.,Weak or unverified surrounding value signal,Missing LiteLLM environment variables,Drive by and verify assessor/parcel details,Low,Rule-based only
37050-03-35-12510,6.7,Strong Manual Review Candidate,True,Drive By,AI review failed; fallback rule-based score used.,Weak or unverified surrounding value signal,Missing LiteLLM environment variables,Drive by and verify assessor/parcel details,Low,Rule-based only
34300-03-32-15710,6.7,Strong Manual Review Candidate,True,Drive By,AI review failed; fallback rule-based score used.,Weak or unverified surrounding value signal,Missing LiteLLM environment variables,Drive by and verify assessor/parcel details,Low,Rule-based only
19650-03-35-06970,6.7,Strong Manual Review Candidate,True,Drive By,AI review failed; fallback rule-based score used.,Weak or unverified surrounding value signal,Missing LiteLLM environment variables,Drive by and verify assessor/parcel details,Low,Rule-based only
41675-03-35-13900,6.7,Strong Manual Review Candidate,True,Drive By,AI review failed; fallback rule-based score used.,Weak or unverified surrounding value signal,Missing LiteLLM environment variables,Drive by and verify assessor/parcel details,Low,Rule-based only
37800-93-02-09760,6.7,Strong Manual Review Candidate,True,Drive By,AI review failed; fallback rule-based score used.,Weak or unverified surrounding value signal,Missing LiteLLM environment variables,Drive by and verify assessor/parcel details,Low,Rule-based only
10225-93-02-04460,6.7,Strong Manual Review Candidate,True,Drive By,AI review failed; fallback rule-based score used.,Weak or unverified surrounding value signal,Missing LiteLLM environment variables,Drive by and verify assessor/parcel details,Low,Rule-based only
02400-03-32-00700,6.7,Strong Manual Review Candidate,True,Drive By,AI review failed; fallback rule-based score used.,Weak or unverified surrounding value signal,Missing LiteLLM environment variables,Drive by and verify assessor/parcel details,Low,Rule-based only
12875-94-08-06230,6.7,Strong Manual Review Candidate,True,Drive By,AI review failed; fallback rule-based score used.,Weak or unverified surrounding value signal,Missing LiteLLM environment variables,Drive by and verify assessor/parcel details,Low,Rule-based only
79600-84-11-12350,6.7,Strong Manual Review Candidate,True,Drive By,AI review failed; fallback rule-based score used.,Weak or unverified surrounding value signal,Missing LiteLLM environment variables,Drive by and verify assessor/parcel details,Low,Rule-based only
29675-03-07-10040,6.7,Strong Manual Review Candidate,True,Drive By,AI review failed; fallback rule-based score used.,Weak or unverified surrounding value signal,Missing LiteLLM environment variables,Drive by and verify assessor/parcel details,Low,Rule-based only
37800-93-02-09990,6.7,Strong Manual Review Candidate,True,Drive By,AI review failed; fallback rule-based score used.,Weak or unverified surrounding value signal,Missing LiteLLM environment variables,Drive by and verify assessor/parcel details,Low,Rule-based only
25225-03-35-09460,6.7,Strong Manual Review Candidate,True,Drive By,AI review failed; fallback rule-based score used.,Weak or unverified surrounding value signal,Missing LiteLLM environment variables,Drive by and verify assessor/parcel details,Low,Rule-based only
41650-03-35-13120,6.7,Strong Manual Review Candidate,True,Drive By,AI review failed; fallback rule-based score used.,Weak or unverified surrounding value signal,Missing LiteLLM environment variables,Drive by and verify assessor/parcel details,Low,Rule-based only
42675-93-02-14170,6.7,Strong Manual Review Candidate,True,Drive By,AI review failed; fallback rule-based score used.,Weak or unverified surrounding value signal,Missing LiteLLM environment variables,Drive by and verify assessor/parcel details,Low,Rule-based only
11225-02-24-03490,6.7,Strong Manual Review Candidate,True,Drive By,AI review failed; fallback rule-based score used.,Weak or unverified surrounding value signal,Missing LiteLLM environment variables,Drive by and verify assessor/parcel details,Low,Rule-based only
34600-93-25-02050,6.7,Strong Manual Review Candidate,True,Drive By,AI review failed; fallback rule-based score used.,Weak or unverified surrounding value signal,Missing LiteLLM environment variables,Drive by and verify assessor/parcel details,Low,Rule-based only
37775-93-03-07050,6.1,Strong Manual Review Candidate,True,Drive By,AI review failed; fallback rule-based score used.,Weak or unverified surrounding value signal,Missing LiteLLM environment variables,Drive by and verify assessor/parcel details,Low,Rule-based only
00575-93-06-00950,6.1,Strong Manual Review Candidate,True,Drive By,AI review failed; fallback rule-based score used.,Weak or unverified surrounding value signal,Missing LiteLLM environment variables,Drive by and verify assessor/parcel details,Low,Rule-based only
49800-03-34-14990,6.1,Strong Manual Review Candidate,True,Drive By,AI review failed; fallback rule-based score used.,Weak or unverified surrounding value signal,Missing LiteLLM environment variables,Drive by and verify assessor/parcel details,Low,Rule-based only
60513-73-08-70260,6.1,Strong Manual Review Candidate,True,Drive By,AI review failed; fallback rule-based score used.,"Weak or unverified surrounding value signal; Could be lot-only or unimproved, verify improvements",Missing LiteLLM environment variables,Drive by and verify assessor/parcel details,Low,Rule-based only
07410-94-07-23780,6.1,Strong Manual Review Candidate,True,Drive By,AI review failed; fallback rule-based score used.,Weak or unverified surrounding value signal,Missing LiteLLM environment variables,Drive by and verify assessor/parcel details,Low,Rule-based only
90212-02-12-25800,6.1,Strong Manual Review Candidate,True,Drive By,AI review failed; fallback rule-based score used.,Weak or unverified surrounding value signal,Missing LiteLLM environment variables,Drive by and verify assessor/parcel details,Low,Rule-based only
22100-92-28-02330,6.1,Strong Manual Review Candidate,True,Drive By,AI review failed; fallback rule-based score used.,Weak or unverified surrounding value signal,Missing LiteLLM environment variables,Drive by and verify assessor/parcel details,Low,Rule-based only
44325-03-36-03990,6.1,Strong Manual Review Candidate,True,Drive By,AI review failed; fallback rule-based score used.,Weak or unverified surrounding value signal,Missing LiteLLM environment variables,Drive by and verify assessor/parcel details,Low,Rule-based only
25150-03-34-10030,6.1,Strong Manual Review Candidate,True,Drive By,AI review failed; fallback rule-based score used.,Weak or unverified surrounding value signal,Missing LiteLLM environment variables,Drive by and verify assessor/parcel details,Low,Rule-based only
09000-92-27-06570,6.1,Strong Manual Review Candidate,True,Drive By,AI review failed; fallback rule-based score used.,Weak or unverified surrounding value signal,Missing LiteLLM environment variables,Drive by and verify assessor/parcel details,Low,Rule-based only
46825-03-33-18040,6.1,Strong Manual Review Candidate,True,Drive By,AI review failed; fallback rule-based score used.,Weak or unverified surrounding value signal,Missing LiteLLM environment variables,Drive by and verify assessor/parcel details,Low,Rule-based only
43800-93-04-19370,6.1,Strong Manual Review Candidate,True,Drive By,AI review failed; fallback rule-based score used.,Weak or unverified surrounding value signal,Missing LiteLLM environment variables,Drive by and verify assessor/parcel details,Low,Rule-based only
36150-93-04-13930,6.1,Strong Manual Review Candidate,True,Drive By,AI review failed; fallback rule-based score used.,Weak or unverified surrounding value signal,Missing LiteLLM environment variables,Drive by and verify assessor/parcel details,Low,Rule-based only
78810-84-11-09060,6.1,Strong Manual Review Candidate,True,Drive By,AI review failed; fallback rule-based score used.,Weak or unverified surrounding value signal,Missing LiteLLM environment variables,Drive by and verify assessor/parcel details,Low,Rule-based only
25050-03-34-03580,6.1,Strong Manual Review Candidate,True,Drive By,AI review failed; fallback rule-based score used.,Weak or unverified surrounding value signal,Missing LiteLLM environment variables,Drive by and verify assessor/parcel details,Low,Rule-based only
27775-03-36-02215,6.1,Strong Manual Review Candidate,True,Drive By,AI review failed; fallback rule-based score used.,Weak or unverified surrounding value signal,Missing LiteLLM environment variables,Drive by and verify assessor/parcel details,Low,Rule-based only
63725-12-13-01130,6.1,Strong Manual Review Candidate,True,Drive By,AI review failed; fallback rule-based score used.,Weak or unverified surrounding value signal,Missing LiteLLM environment variables,Drive by and verify assessor/parcel details,Low,Rule-based only
18550-93-05-13060,6.1,Strong Manual Review Candidate,True,Drive By,AI review failed; fallback rule-based score used.,Weak or unverified surrounding value signal,Missing LiteLLM environment variables,Drive by and verify assessor/parcel details,Low,Rule-based only
29775-02-26-05800,6.1,Strong Manual Review Candidate,True,Drive By,AI review failed; fallback rule-based score used.,Weak or unverified surrounding value signal,Missing LiteLLM environment variables,Drive by and verify assessor/parcel details,Low,Rule-based only
05075-93-24-08770,6.1,Strong Manual Review Candidate,True,Drive By,AI review failed; fallback rule-based score used.,Weak or unverified surrounding value signal,Missing LiteLLM environment variables,Drive by and verify assessor/parcel details,Low,Rule-based only
13775-02-12-01430,6.1,Strong Manual Review Candidate,True,Drive By,AI review failed; fallback rule-based score used.,Weak or unverified surrounding value signal,Missing LiteLLM environment variables,Drive by and verify assessor/parcel details,Low,Rule-based only
57370-72-13-63370,6.1,Strong Manual Review Candidate,True,Drive By,AI review failed; fallback rule-based score used.,Weak or unverified surrounding value signal,Missing LiteLLM environment variables,Drive by and verify assessor/parcel details,Low,Rule-based only
19275-03-34-02480,6.1,Strong Manual Review Candidate,True,Drive By,AI review failed; fallback rule-based score used.,Weak or unverified surrounding value signal,Missing LiteLLM environment variables,Drive by and verify assessor/parcel details,Low,Rule-based only
17950-92-04-05170,6.1,Strong Manual Review Candidate,True,Drive By,AI review failed; fallback rule-based score used.,Weak or unverified surrounding value signal,Missing LiteLLM environment variables,Drive by and verify assessor/parcel details,Low,Rule-based only
62075-91-11-09360,6.1,Strong Manual Review Candidate,True,Drive By,AI review failed; fallback rule-based score used.,Weak or unverified surrounding value signal,Missing LiteLLM environment variables,Drive by and verify assessor/parcel details,Low,Rule-based only
17925-92-04-04250,6.1,Strong Manual Review Candidate,True,Drive By,AI review failed; fallback rule-based score used.,Weak or unverified surrounding value signal,Missing LiteLLM environment variables,Drive by and verify assessor/parcel details,Low,Rule-based only
06625-92-27-02490,6.1,Strong Manual Review Candidate,True,Drive By,AI review failed; fallback rule-based score used.,Weak or unverified surrounding value signal,Missing LiteLLM environment variables,Drive by and verify assessor/parcel details,Low,Rule-based only
45450-94-06-10580,6.1,Strong Manual Review Candidate,True,Drive By,AI review failed; fallback rule-based score used.,Weak or unverified surrounding value signal,Missing LiteLLM environment variables,Drive by and verify assessor/parcel details,Low,Rule-based only
17025-02-36-12170,6.1,Strong Manual Review Candidate,True,Drive By,AI review failed; fallback rule-based score used.,Weak or unverified surrounding value signal,Missing LiteLLM environment variables,Drive by and verify assessor/parcel details,Low,Rule-based only
40850-02-12-07500,6.1,Strong Manual Review Candidate,True,Drive By,AI review failed; fallback rule-based score used.,Weak or unverified surrounding value signal,Missing LiteLLM environment variables,Drive by and verify assessor/parcel details,Low,Rule-based only
04350-02-25-02620,6.1,Strong Manual Review Candidate,True,Drive By,AI review failed; fallback rule-based score used.,Weak or unverified surrounding value signal,Missing LiteLLM environment variables,Drive by and verify assessor/parcel details,Low,Rule-based only
06100-02-26-00080,6.1,Strong Manual Review Candidate,True,Drive By,AI review failed; fallback rule-based score used.,Weak or unverified surrounding value signal,Missing LiteLLM environment variables,Drive by and verify assessor/parcel details,Low,Rule-based only
08375-03-29-02800,6.1,Strong Manual Review Candidate,True,Drive By,AI review failed; fallback rule-based score used.,Weak or unverified surrounding value signal,Missing LiteLLM environment variables,Drive by and verify assessor/parcel details,Low,Rule-based only
41100-92-34-03610,6.1,Strong Manual Review Candidate,True,Drive By,AI review failed; fallback rule-based score used.,Weak or unverified surrounding value signal,Missing LiteLLM environment variables,Drive by and verify assessor/parcel details,Low,Rule-based only
22200-03-36-00370,6.1,Strong Manual Review Candidate,True,Drive By,AI review failed; fallback rule-based score used.,Weak or unverified surrounding value signal,Missing LiteLLM environment variables,Drive by and verify assessor/parcel details,Low,Rule-based only
43775-93-05-22530,6.1,Strong Manual Review Candidate,True,Drive By,AI review failed; fallback rule-based score used.,Weak or unverified surrounding value signal,Missing LiteLLM environment variables,Drive by and verify assessor/parcel details,Low,Rule-based only
74985-94-20-10040,6.1,Strong Manual Review Candidate,True,Drive By,AI review failed; fallback rule-based score used.,Weak or unverified surrounding value signal,Missing LiteLLM environment variables,Drive by and verify assessor/parcel details,Low,Rule-based only
11575-03-35-04690,6.1,Strong Manual Review Candidate,True,Drive By,AI review failed; fallback rule-based score used.,Weak or unverified surrounding value signal,Missing LiteLLM environment variables,Drive by and verify assessor/parcel details,Low,Rule-based only
12060-94-08-20510,6.1,Strong Manual Review Candidate,True,Drive By,AI review failed; fallback rule-based score used.,Weak or unverified surrounding value signal,Missing LiteLLM environment variables,Drive by and verify assessor/parcel details,Low,Rule-based only
30950-03-33-14960,6.1,Strong Manual Review Candidate,True,Drive By,AI review failed; fallback rule-based score used.,Weak or unverified surrounding value signal,Missing LiteLLM environment variables,Drive by and verify assessor/parcel details,Low,Rule-based only
12150-93-11-01280,6.1,Strong Manual Review Candidate,True,Drive By,AI review failed; fallback rule-based score used.,Weak or unverified surrounding value signal,Missing LiteLLM environment variables,Drive by and verify assessor/parcel details,Low,Rule-based only
07700-02-13-02200,6.1,Strong Manual Review Candidate,True,Drive By,AI review failed; fallback rule-based score used.,Weak or unverified surrounding value signal,Missing LiteLLM environment variables,Drive by and verify assessor/parcel details,Low,Rule-based only
10475-92-08-00680,6.1,Strong Manual Review Candidate,True,Drive By,AI review failed; fallback rule-based score used.,Weak or unverified surrounding value signal,Missing LiteLLM environment variables,Drive by and verify assessor/parcel details,Low,Rule-based only
31125-92-27-16750,6.1,Strong Manual Review Candidate,True,Drive By,AI review failed; fallback rule-based score used.,Weak or unverified surrounding value signal,Missing LiteLLM environment variables,Drive by and verify assessor/parcel details,Low,Rule-based only
29650-03-07-03370,6.1,Strong Manual Review Candidate,True,Drive By,AI review failed; fallback rule-based score used.,Weak or unverified surrounding value signal,Missing LiteLLM environment variables,Drive by and verify assessor/parcel details,Low,Rule-based only
29650-03-07-03310,6.1,Strong Manual Review Candidate,True,Drive By,AI review failed; fallback rule-based score used.,Weak or unverified surrounding value signal,Missing LiteLLM environment variables,Drive by and verify assessor/parcel details,Low,Rule-based only
13850-93-05-10530,6.1,Strong Manual Review Candidate,True,Drive By,AI review failed; fallback rule-based score used.,Weak or unverified surrounding value signal,Missing LiteLLM environment variables,Drive by and verify assessor/parcel details,Low,Rule-based only
22100-92-28-03130,6.1,Strong Manual Review Candidate,True,Drive By,AI review failed; fallback rule-based score used.,Weak or unverified surrounding value signal,Missing LiteLLM environment variables,Drive by and verify assessor/parcel details,Low,Rule-based only
10175-93-02-01530,6.1,Strong Manual Review Candidate,True,Drive By,AI review failed; fallback rule-based score used.,Weak or unverified surrounding value signal,Missing LiteLLM environment variables,Drive by and verify assessor/parcel details,Low,Rule-based only
27875-92-11-03570,6.1,Strong Manual Review Candidate,True,Drive By,AI review failed; fallback rule-based score used.,Weak or unverified surrounding value signal,Missing LiteLLM environment variables,Drive by and verify assessor/parcel details,Low,Rule-based only
45350-94-06-07290,6.1,Strong Manual Review Candidate,True,Drive By,AI review failed; fallback rule-based score used.,Weak or unverified surrounding value signal,Missing LiteLLM environment variables,Drive by and verify assessor/parcel details,Low,Rule-based only
78810-84-11-09070,6.1,Strong Manual Review Candidate,True,Drive By,AI review failed; fallback rule-based score used.,Weak or unverified surrounding value signal,Missing LiteLLM environment variables,Drive by and verify assessor/parcel details,Low,Rule-based only
20725-93-03-06410,6.1,Strong Manual Review Candidate,True,Drive By,AI review failed; fallback rule-based score used.,Weak or unverified surrounding value signal,Missing LiteLLM environment variables,Drive by and verify assessor/parcel details,Low,Rule-based only
41025-02-01-00530,6.1,Strong Manual Review Candidate,True,Drive By,AI review failed; fallback rule-based score used.,Weak or unverified surrounding value signal,Missing LiteLLM environment variables,Drive by and verify assessor/parcel details,Low,Rule-based only
07225-02-13-00060,6.1,Strong Manual Review Candidate,True,Drive By,AI review failed; fallback rule-based score used.,Weak or unverified surrounding value signal,Missing LiteLLM environment variables,Drive by and verify assessor/parcel details,Low,Rule-based only
37800-93-02-09000,6.1,Strong Manual Review Candidate,True,Drive By,AI review failed; fallback rule-based score used.,Weak or unverified surrounding value signal,Missing LiteLLM environment variables,Drive by and verify assessor/parcel details,Low,Rule-based only
27300-93-14-10790,6.1,Strong Manual Review Candidate,True,Drive By,AI review failed; fallback rule-based score used.,Weak or unverified surrounding value signal,Missing LiteLLM environment variables,Drive by and verify assessor/parcel details,Low,Rule-based only
38200-92-26-00840,6.1,Strong Manual Review Candidate,True,Drive By,AI review failed; fallback rule-based score used.,Weak or unverified surrounding value signal,Missing LiteLLM environment variables,Drive by and verify assessor/parcel details,Low,Rule-based only
76925-94-19-48280,6.1,Strong Manual Review Candidate,True,Drive By,AI review failed; fallback rule-based score used.,Weak or unverified surrounding value signal,Missing LiteLLM environment variables,Drive by and verify assessor/parcel details,Low,Rule-based only
23850-93-15-11970,6.1,Strong Manual Review Candidate,True,Drive By,AI review failed; fallback rule-based score used.,Weak or unverified surrounding value signal,Missing LiteLLM environment variables,Drive by and verify assessor/parcel details,Low,Rule-based only
74735-84-06-61950,6.1,Strong Manual Review Candidate,True,Drive By,AI review failed; fallback rule-based score used.,Weak or unverified surrounding value signal,Missing LiteLLM environment variables,Drive by and verify assessor/parcel details,Low,Rule-based only
90327-03-27-26880,6.7,Mid Investment,False,Research First,AI review failed; fallback rule-based score used.,Weak or unverified surrounding value signal,Missing LiteLLM environment variables,"Verify title, liens, and parcel details before bidding",Low,Rule-based only
07600-02-24-01200,6.7,Mid Investment,False,Research First,AI review failed; fallback rule-based score used.,Weak or unverified surrounding value signal,Missing LiteLLM environment variables,"Verify title, liens, and parcel details before bidding",Low,Rule-based only
24275-93-06-15110,6.7,Mid Investment,False,Research First,AI review failed; fallback rule-based score used.,Weak or unverified surrounding value signal,Missing LiteLLM environment variables,"Verify title, liens, and parcel details before bidding",Low,Rule-based only
90326-03-26-20930,6.7,Mid Investment,False,Research First,AI review failed; fallback rule-based score used.,Weak or unverified surrounding value signal,Missing LiteLLM environment variables,"Verify title, liens, and parcel details before bidding",Low,Rule-based only
11575-03-35-03730,6.1,Mid Investment,False,Research First,AI review failed; fallback rule-based score used.,Weak or unverified surrounding value signal,Missing LiteLLM environment variables,"Verify title, liens, and parcel details before bidding",Low,Rule-based only
07415-94-07-29470,6.1,Mid Investment,False,Research First,AI review failed; fallback rule-based score used.,Weak or unverified surrounding value signal,Missing LiteLLM environment variables,"Verify title, liens, and parcel details before bidding",Low,Rule-based only
35725-93-31-08440,6.1,Mid Investment,False,Research First,AI review failed; fallback rule-based score used.,Weak or unverified surrounding value signal,Missing LiteLLM environment variables,"Verify title, liens, and parcel details before bidding",Low,Rule-based only
16375-93-03-04910,6.1,Mid Investment,False,Research First,AI review failed; fallback rule-based score used.,Weak or unverified surrounding value signal,Missing LiteLLM environment variables,"Verify title, liens, and parcel details before bidding",Low,Rule-based only
40325-94-17-06480,6.1,Mid Investment,False,Research First,AI review failed; fallback rule-based score used.,Weak or unverified surrounding value signal,Missing LiteLLM environment variables,"Verify title, liens, and parcel details before bidding",Low,Rule-based only
19275-03-34-02810,6.1,Mid Investment,False,Research First,AI review failed; fallback rule-based score used.,Weak or unverified surrounding value signal,Missing LiteLLM environment variables,"Verify title, liens, and parcel details before bidding",Low,Rule-based only
44325-03-36-04310,6.1,Mid Investment,False,Research First,AI review failed; fallback rule-based score used.,Weak or unverified surrounding value signal,Missing LiteLLM environment variables,"Verify title, liens, and parcel details before bidding",Low,Rule-based only
15875-02-25-09420,6.1,Mid Investment,False,Research First,AI review failed; fallback rule-based score used.,Weak or unverified surrounding value signal,Missing LiteLLM environment variables,"Verify title, liens, and parcel details before bidding",Low,Rule-based only
04125-93-14-02940,6.1,Mid Investment,False,Research First,AI review failed; fallback rule-based score used.,Weak or unverified surrounding value signal,Missing LiteLLM environment variables,"Verify title, liens, and parcel details before bidding",Low,Rule-based only
17925-92-04-03240,6.1,Mid Investment,False,Research First,AI review failed; fallback rule-based score used.,Weak or unverified surrounding value signal,Missing LiteLLM environment variables,"Verify title, liens, and parcel details before bidding",Low,Rule-based only
49850-92-28-05460,6.1,Mid Investment,False,Research First,AI review failed; fallback rule-based score used.,Weak or unverified surrounding value signal,Missing LiteLLM environment variables,"Verify title, liens, and parcel details before bidding",Low,Rule-based only
31125-92-27-17320,6.1,Mid Investment,False,Research First,AI review failed; fallback rule-based score used.,Weak or unverified surrounding value signal,Missing LiteLLM environment variables,"Verify title, liens, and parcel details before bidding",Low,Rule-based only
98225-82-25-36030,6.1,Mid Investment,False,Research First,AI review failed; fallback rule-based score used.,Weak or unverified surrounding value signal,Missing LiteLLM environment variables,"Verify title, liens, and parcel details before bidding",Low,Rule-based only
04125-93-14-02930,6.1,Mid Investment,False,Research First,AI review failed; fallback rule-based score used.,Weak or unverified surrounding value signal,Missing LiteLLM environment variables,"Verify title, liens, and parcel details before bidding",Low,Rule-based only
12375-92-04-01560,6.1,Mid Investment,False,Research First,AI review failed; fallback rule-based score used.,Weak or unverified surrounding value signal,Missing LiteLLM environment variables,"Verify title, liens, and parcel details before bidding",Low,Rule-based only
62250-91-22-02240,6.1,Mid Investment,False,Research First,AI review failed; fallback rule-based score used.,Weak or unverified surrounding value signal,Missing LiteLLM environment variables,"Verify title, liens, and parcel details before bidding",Low,Rule-based only
27325-93-14-12410,6.1,Mid Investment,False,Research First,AI review failed; fallback rule-based score used.,Weak or unverified surrounding value signal,Missing LiteLLM environment variables,"Verify title, liens, and parcel details before bidding",Low,Rule-based only
98402-84-02-01880,6.1,Mid Investment,False,Research First,AI review failed; fallback rule-based score used.,Weak or unverified surrounding value signal,Missing LiteLLM environment variables,"Verify title, liens, and parcel details before bidding",Low,Rule-based only
25050-03-34-06390,6.1,Mid Investment,False,Research First,AI review failed; fallback rule-based score used.,Weak or unverified surrounding value signal,Missing LiteLLM environment variables,"Verify title, liens, and parcel details before bidding",Low,Rule-based only
34375-92-22-05090,6.1,Mid Investment,False,Research First,AI review failed; fallback rule-based score used.,Weak or unverified surrounding value signal,Missing LiteLLM environment variables,"Verify title, liens, and parcel details before bidding",Low,Rule-based only
11600-93-30-07650,6.1,Mid Investment,False,Research First,AI review failed; fallback rule-based score used.,Weak or unverified surrounding value signal,Missing LiteLLM environment variables,"Verify title, liens, and parcel details before bidding",Low,Rule-based only
74850-94-19-17590,6.1,Mid Investment,False,Research First,AI review failed; fallback rule-based score used.,Weak or unverified surrounding value signal,Missing LiteLLM environment variables,"Verify title, liens, and parcel details before bidding",Low,Rule-based only
14625-93-12-00820,6.1,Mid Investment,False,Research First,AI review failed; fallback rule-based score used.,Weak or unverified surrounding value signal,Missing LiteLLM environment variables,"Verify title, liens, and parcel details before bidding",Low,Rule-based only
45350-94-06-07770,6.1,Mid Investment,False,Research First,AI review failed; fallback rule-based score used.,Weak or unverified surrounding value signal,Missing LiteLLM environment variables,"Verify title, liens, and parcel details before bidding",Low,Rule-based only
38975-92-33-02620,6.1,Mid Investment,False,Research First,AI review failed; fallback rule-based score used.,Weak or unverified surrounding value signal,Missing LiteLLM environment variables,"Verify title, liens, and parcel details before bidding",Low,Rule-based only
62225-91-22-01600,6.1,Mid Investment,False,Research First,AI review failed; fallback rule-based score used.,Weak or unverified surrounding value signal,Missing LiteLLM environment variables,"Verify title, liens, and parcel details before bidding",Low,Rule-based only
61400-14-30-07430,6.1,Mid Investment,False,Research First,AI review failed; fallback rule-based score used.,Weak or unverified surrounding value signal,Missing LiteLLM environment variables,"Verify title, liens, and parcel details before bidding",Low,Rule-based only
08300-93-04-02320,6.1,Mid Investment,False,Research First,AI review failed; fallback rule-based score used.,Weak or unverified surrounding value signal,Missing LiteLLM environment variables,"Verify title, liens, and parcel details before bidding",Low,Rule-based only
74965-94-20-07530,6.1,Mid Investment,False,Research First,AI review failed; fallback rule-based score used.,Weak or unverified surrounding value signal,Missing LiteLLM environment variables,"Verify title, liens, and parcel details before bidding",Low,Rule-based only
34600-93-25-02750,6.1,Mid Investment,False,Research First,AI review failed; fallback rule-based score used.,Weak or unverified surrounding value signal,Missing LiteLLM environment variables,"Verify title, liens, and parcel details before bidding",Low,Rule-based only
45350-94-06-06870,6.1,Mid Investment,False,Research First,AI review failed; fallback rule-based score used.,Weak or unverified surrounding value signal,Missing LiteLLM environment variables,"Verify title, liens, and parcel details before bidding",Low,Rule-based only
36525-94-02-00450,6.1,Mid Investment,False,Research First,AI review failed; fallback rule-based score used.,Weak or unverified surrounding value signal,Missing LiteLLM environment variables,"Verify title, liens, and parcel details before bidding",Low,Rule-based only
31100-93-02-05790,6.1,Mid Investment,False,Research First,AI review failed; fallback rule-based score used.,Weak or unverified surrounding value signal,Missing LiteLLM environment variables,"Verify title, liens, and parcel details before bidding",Low,Rule-based only
26390-94-16-15330,6.1,Mid Investment,False,Research First,AI review failed; fallback rule-based score used.,Weak or unverified surrounding value signal,Missing LiteLLM environment variables,"Verify title, liens, and parcel details before bidding",Low,Rule-based only
82170-84-21-72600,6.1,Mid Investment,False,Research First,AI review failed; fallback rule-based score used.,Weak or unverified surrounding value signal,Missing LiteLLM environment variables,"Verify title, liens, and parcel details before bidding",Low,Rule-based only
03312-03-20-04220,6.1,Mid Investment,False,Research First,AI review failed; fallback rule-based score used.,Weak or unverified surrounding value signal,Missing LiteLLM environment variables,"Verify title, liens, and parcel details before bidding",Low,Rule-based only
61375-14-30-06240,6.1,Mid Investment,False,Research First,AI review failed; fallback rule-based score used.,Weak or unverified surrounding value signal,Missing LiteLLM environment variables,"Verify title, liens, and parcel details before bidding",Low,Rule-based only
04025-93-15-00650,6.1,Mid Investment,False,Research First,AI review failed; fallback rule-based score used.,Weak or unverified surrounding value signal,Missing LiteLLM environment variables,"Verify title, liens, and parcel details before bidding",Low,Rule-based only
45625-93-21-16710,6.1,Mid Investment,False,Research First,AI review failed; fallback rule-based score used.,Weak or unverified surrounding value signal,Missing LiteLLM environment variables,"Verify title, liens, and parcel details before bidding",Low,Rule-based only
23600-93-24-15470,6.1,Mid Investment,False,Research First,AI review failed; fallback rule-based score used.,Weak or unverified surrounding value signal,Missing LiteLLM environment variables,"Verify title, liens, and parcel details before bidding",Low,Rule-based only
10800-93-01-04840,5.5,Mid Investment,False,Research First,AI review failed; fallback rule-based score used.,Weak or unverified surrounding value signal,Missing LiteLLM environment variables,"Verify title, liens, and parcel details before bidding",Low,Rule-based only
45575-93-04-21370,5.5,Mid Investment,False,Research First,AI review failed; fallback rule-based score used.,Weak or unverified surrounding value signal,Missing LiteLLM environment variables,"Verify title, liens, and parcel details before bidding",Low,Rule-based only
99301-93-01-11400,5.5,Mid Investment,False,Research First,AI review failed; fallback rule-based score used.,Weak or unverified surrounding value signal,Missing LiteLLM environment variables,"Verify title, liens, and parcel details before bidding",Low,Rule-based only
17925-92-04-03930,5.5,Mid Investment,False,Research First,AI review failed; fallback rule-based score used.,Weak or unverified surrounding value signal,Missing LiteLLM environment variables,"Verify title, liens, and parcel details before bidding",Low,Rule-based only
90329-03-29-41780,5.5,Mid Investment,False,Research First,AI review failed; fallback rule-based score used.,Weak or unverified surrounding value signal,Missing LiteLLM environment variables,"Verify title, liens, and parcel details before bidding",Low,Rule-based only
78540-84-14-02370,5.5,Mid Investment,False,Research First,AI review failed; fallback rule-based score used.,Weak or unverified surrounding value signal,Missing LiteLLM environment variables,"Verify title, liens, and parcel details before bidding",Low,Rule-based only
61975-91-12-03150,5.5,Mid Investment,False,Research First,AI review failed; fallback rule-based score used.,Weak or unverified surrounding value signal,Missing LiteLLM environment variables,"Verify title, liens, and parcel details before bidding",Low,Rule-based only
12425-92-04-02590,5.5,Mid Investment,False,Research First,AI review failed; fallback rule-based score used.,Weak or unverified surrounding value signal,Missing LiteLLM environment variables,"Verify title, liens, and parcel details before bidding",Low,Rule-based only
00725-03-33-00530,5.5,Mid Investment,False,Research First,AI review failed; fallback rule-based score used.,Weak or unverified surrounding value signal,Missing LiteLLM environment variables,"Verify title, liens, and parcel details before bidding",Low,Rule-based only
40375-94-08-07940,5.5,Mid Investment,False,Research First,AI review failed; fallback rule-based score used.,Weak or unverified surrounding value signal,Missing LiteLLM environment variables,"Verify title, liens, and parcel details before bidding",Low,Rule-based only
08150-94-08-00330,5.5,Mid Investment,False,Research First,AI review failed; fallback rule-based score used.,Weak or unverified surrounding value signal,Missing LiteLLM environment variables,"Verify title, liens, and parcel details before bidding",Low,Rule-based only
20575-93-30-08990,5.5,Mid Investment,False,Research First,AI review failed; fallback rule-based score used.,Weak or unverified surrounding value signal,Missing LiteLLM environment variables,"Verify title, liens, and parcel details before bidding",Low,Rule-based only
24525-94-07-04110,5.5,Mid Investment,False,Research First,AI review failed; fallback rule-based score used.,Weak or unverified surrounding value signal,Missing LiteLLM environment variables,"Verify title, liens, and parcel details before bidding",Low,Rule-based only
57628-73-15-20120,5.5,Mid Investment,False,Research First,AI review failed; fallback rule-based score used.,Weak or unverified surrounding value signal,Missing LiteLLM environment variables,"Verify title, liens, and parcel details before bidding",Low,Rule-based only
12210-94-16-41680,5.5,Mid Investment,False,Research First,AI review failed; fallback rule-based score used.,Weak or unverified surrounding value signal,Missing LiteLLM environment variables,"Verify title, liens, and parcel details before bidding",Low,Rule-based only
84830-72-11-53420,5.5,Mid Investment,False,Research First,AI review failed; fallback rule-based score used.,Weak or unverified surrounding value signal,Missing LiteLLM environment variables,"Verify title, liens, and parcel details before bidding",Low,Rule-based only
45350-94-06-08780,5.5,Mid Investment,False,Research First,AI review failed; fallback rule-based score used.,Weak or unverified surrounding value signal,Missing LiteLLM environment variables,"Verify title, liens, and parcel details before bidding",Low,Rule-based only
80610-84-11-13910,5.5,Mid Investment,False,Research First,AI review failed; fallback rule-based score used.,Weak or unverified surrounding value signal,Missing LiteLLM environment variables,"Verify title, liens, and parcel details before bidding",Low,Rule-based only
36540-94-02-16310,5.5,Mid Investment,False,Research First,AI review failed; fallback rule-based score used.,Weak or unverified surrounding value signal,Missing LiteLLM environment variables,"Verify title, liens, and parcel details before bidding",Low,Rule-based only
98412-84-12-02870,5.5,Mid Investment,False,Research First,AI review failed; fallback rule-based score used.,Weak or unverified surrounding value signal,Missing LiteLLM environment variables,"Verify title, liens, and parcel details before bidding",Low,Rule-based only
85175-72-12-57030,5.5,Mid Investment,False,Research First,AI review failed; fallback rule-based score used.,Weak or unverified surrounding value signal,Missing LiteLLM environment variables,"Verify title, liens, and parcel details before bidding",Low,Rule-based only
46000-93-30-11430,5.5,Mid Investment,False,Research First,AI review failed; fallback rule-based score used.,Weak or unverified surrounding value signal,Missing LiteLLM environment variables,"Verify title, liens, and parcel details before bidding",Low,Rule-based only
12145-94-09-44920,5.5,Mid Investment,False,Research First,AI review failed; fallback rule-based score used.,Weak or unverified surrounding value signal,Missing LiteLLM environment variables,"Verify title, liens, and parcel details before bidding",Low,Rule-based only
14175-03-33-03800,5.5,Mid Investment,False,Research First,AI review failed; fallback rule-based score used.,Weak or unverified surrounding value signal,Missing LiteLLM environment variables,"Verify title, liens, and parcel details before bidding",Low,Rule-based only
16375-93-03-05080,5.5,Mid Investment,False,Research First,AI review failed; fallback rule-based score used.,Weak or unverified surrounding value signal,Missing LiteLLM environment variables,"Verify title, liens, and parcel details before bidding",Low,Rule-based only
08675-93-01-02070,5.5,Mid Investment,False,Research First,AI review failed; fallback rule-based score used.,Weak or unverified surrounding value signal,Missing LiteLLM environment variables,"Verify title, liens, and parcel details before bidding",Low,Rule-based only
30800-93-07-13130,5.5,Mid Investment,False,Research First,AI review failed; fallback rule-based score used.,Weak or unverified surrounding value signal,Missing LiteLLM environment variables,"Verify title, liens, and parcel details before bidding",Low,Rule-based only
04175-93-14-07050,5.5,Mid Investment,False,Research First,AI review failed; fallback rule-based score used.,Weak or unverified surrounding value signal,Missing LiteLLM environment variables,"Verify title, liens, and parcel details before bidding",Low,Rule-based only
61500-91-27-00840,5.5,Mid Investment,False,Research First,AI review failed; fallback rule-based score used.,Weak or unverified surrounding value signal,Missing LiteLLM environment variables,"Verify title, liens, and parcel details before bidding",Low,Rule-based only
85375-72-14-01945,5.5,Mid Investment,False,Research First,AI review failed; fallback rule-based score used.,Weak or unverified surrounding value signal,Missing LiteLLM environment variables,"Verify title, liens, and parcel details before bidding",Low,Rule-based only
42025-93-07-18720,5.5,Mid Investment,False,Research First,AI review failed; fallback rule-based score used.,Weak or unverified surrounding value signal,Missing LiteLLM environment variables,"Verify title, liens, and parcel details before bidding",Low,Rule-based only
61940-91-27-37160,5.5,Mid Investment,False,Research First,AI review failed; fallback rule-based score used.,Weak or unverified surrounding value signal,Missing LiteLLM environment variables,"Verify title, liens, and parcel details before bidding",Low,Rule-based only
46875-93-03-13050,5.5,Mid Investment,False,Research First,AI review failed; fallback rule-based score used.,Weak or unverified surrounding value signal,Missing LiteLLM environment variables,"Verify title, liens, and parcel details before bidding",Low,Rule-based only
22775-94-17-02590,5.5,Mid Investment,False,Research First,AI review failed; fallback rule-based score used.,Weak or unverified surrounding value signal,Missing LiteLLM environment variables,"Verify title, liens, and parcel details before bidding",Low,Rule-based only
20300-92-03-04570,5.5,Mid Investment,False,Research First,AI review failed; fallback rule-based score used.,Weak or unverified surrounding value signal,Missing LiteLLM environment variables,"Verify title, liens, and parcel details before bidding",Low,Rule-based only
17950-92-04-04930,5.5,Mid Investment,False,Research First,AI review failed; fallback rule-based score used.,Weak or unverified surrounding value signal,Missing LiteLLM environment variables,"Verify title, liens, and parcel details before bidding",Low,Rule-based only
46525-94-05-05250,5.5,Mid Investment,False,Research First,AI review failed; fallback rule-based score used.,Weak or unverified surrounding value signal,Missing LiteLLM environment variables,"Verify title, liens, and parcel details before bidding",Low,Rule-based only
23850-93-15-12810,5.5,Mid Investment,False,Research First,AI review failed; fallback rule-based score used.,Weak or unverified surrounding value signal,Missing LiteLLM environment variables,"Verify title, liens, and parcel details before bidding",Low,Rule-based only
04025-93-15-00140,5.5,Mid Investment,False,Research First,AI review failed; fallback rule-based score used.,Weak or unverified surrounding value signal,Missing LiteLLM environment variables,"Verify title, liens, and parcel details before bidding",Low,Rule-based only
26275-93-09-07670,5.5,Mid Investment,False,Research First,AI review failed; fallback rule-based score used.,Weak or unverified surrounding value signal,Missing LiteLLM environment variables,"Verify title, liens, and parcel details before bidding",Low,Rule-based only
77200-94-21-16190,5.5,Mid Investment,False,Research First,AI review failed; fallback rule-based score used.,Weak or unverified surrounding value signal,Missing LiteLLM environment variables,"Verify title, liens, and parcel details before bidding",Low,Rule-based only
61000-14-31-00520,5.5,Mid Investment,False,Research First,AI review failed; fallback rule-based score used.,Weak or unverified surrounding value signal,Missing LiteLLM environment variables,"Verify title, liens, and parcel details before bidding",Low,Rule-based only
22350-93-31-06310,5.5,Mid Investment,False,Research First,AI review failed; fallback rule-based score used.,Weak or unverified surrounding value signal,Missing LiteLLM environment variables,"Verify title, liens, and parcel details before bidding",Low,Rule-based only
90308-03-08-08590,5.5,Mid Investment,False,Research First,AI review failed; fallback rule-based score used.,Weak or unverified surrounding value signal,Missing LiteLLM environment variables,"Verify title, liens, and parcel details before bidding",Low,Rule-based only
81210-84-15-63180,5.5,Mid Investment,False,Research First,AI review failed; fallback rule-based score used.,Weak or unverified surrounding value signal,Missing LiteLLM environment variables,"Verify title, liens, and parcel details before bidding",Low,Rule-based only
18950-93-33-02280,5.5,Mid Investment,False,Research First,AI review failed; fallback rule-based score used.,Weak or unverified surrounding value signal,Missing LiteLLM environment variables,"Verify title, liens, and parcel details before bidding",Low,Rule-based only
12145-94-09-42810,5.5,Mid Investment,False,Research First,AI review failed; fallback rule-based score used.,Weak or unverified surrounding value signal,Missing LiteLLM environment variables,"Verify title, liens, and parcel details before bidding",Low,Rule-based only
38125-92-27-17970,5.5,Mid Investment,False,Research First,AI review failed; fallback rule-based score used.,Weak or unverified surrounding value signal,Missing LiteLLM environment variables,"Verify title, liens, and parcel details before bidding",Low,Rule-based only
78260-84-12-00420,5.5,Mid Investment,False,Research First,AI review failed; fallback rule-based score used.,Weak or unverified surrounding value signal,Missing LiteLLM environment variables,"Verify title, liens, and parcel details before bidding",Low,Rule-based only
85240-72-13-61990,5.5,Mid Investment,False,Research First,AI review failed; fallback rule-based score used.,Weak or unverified surrounding value signal,Missing LiteLLM environment variables,"Verify title, liens, and parcel details before bidding",Low,Rule-based only
43800-93-04-19590,5.5,Mid Investment,False,Research First,AI review failed; fallback rule-based score used.,Weak or unverified surrounding value signal,Missing LiteLLM environment variables,"Verify title, liens, and parcel details before bidding",Low,Rule-based only
47075-93-30-12810,5.5,Mid Investment,False,Research First,AI review failed; fallback rule-based score used.,Weak or unverified surrounding value signal,Missing LiteLLM environment variables,"Verify title, liens, and parcel details before bidding",Low,Rule-based only
42675-93-02-15780,5.5,Mid Investment,False,Research First,AI review failed; fallback rule-based score used.,Weak or unverified surrounding value signal,Missing LiteLLM environment variables,"Verify title, liens, and parcel details before bidding",Low,Rule-based only
74850-94-19-17270,5.5,Mid Investment,False,Research First,AI review failed; fallback rule-based score used.,Weak or unverified surrounding value signal,Missing LiteLLM environment variables,"Verify title, liens, and parcel details before bidding",Low,Rule-based only
74955-94-20-02740,5.5,Mid Investment,False,Research First,AI review failed; fallback rule-based score used.,Weak or unverified surrounding value signal,Missing LiteLLM environment variables,"Verify title, liens, and parcel details before bidding",Low,Rule-based only
07900-94-18-00140,5.5,Mid Investment,False,Research First,AI review failed; fallback rule-based score used.,Weak or unverified surrounding value signal,Missing LiteLLM environment variables,"Verify title, liens, and parcel details before bidding",Low,Rule-based only
28725-92-34-02190,5.5,Mid Investment,False,Research First,AI review failed; fallback rule-based score used.,Weak or unverified surrounding value signal,Missing LiteLLM environment variables,"Verify title, liens, and parcel details before bidding",Low,Rule-based only
49900-93-21-18650,5.5,Mid Investment,False,Research First,AI review failed; fallback rule-based score used.,Weak or unverified surrounding value signal,Missing LiteLLM environment variables,"Verify title, liens, and parcel details before bidding",Low,Rule-based only
58000-73-25-00270,5.5,Mid Investment,False,Research First,AI review failed; fallback rule-based score used.,Weak or unverified surrounding value signal,Missing LiteLLM environment variables,"Verify title, liens, and parcel details before bidding",Low,Rule-based only
91407-14-07-52320,5.1,Mid Investment,False,Research First,AI review failed; fallback rule-based score used.,Weak or unverified surrounding value signal; Address quality issue,Missing LiteLLM environment variables,"Verify title, liens, and parcel details before bidding",Low,Rule-based only
57845-73-14-53600,6.1,Bad Investment,False,Avoid,AI review failed; fallback rule-based score used.,Weak or unverified surrounding value signal,Missing LiteLLM environment variables,"Verify title, liens, and parcel details before bidding",Low,Rule-based only
98210-82-10-15720,3.5,Bad Investment,True,Avoid,AI review failed; fallback rule-based score used.,"Weak or unverified surrounding value signal; Address quality issue; Low data confidence; Could be lot-only or unimproved, verify improvements",Missing LiteLLM environment variables,Drive by and verify assessor/parcel details,Low,Rule-based only
