#,Color,Source,Original Rank,Parcel ID,Address,Opening Bid,Max Bid,Bid Spread,Drive-By Status,Lien/Title Risk,Entitlement/Zoning Risk,Final Decision,Notes,Grade,source_excel_row,red_indicator_detected,strikethrough_detected,crossed_out_indicator_detected,cleaning_action,crime_risk_level,crime_context_summary,crime_data_granularity,crime_source_title,crime_source_url,crime_data_confidence,economic_signal_level,development_match_strength,matched_development_area,matched_project_or_investment,development_source_title,development_source_url,development_summary,development_match_reason,economic_data_confidence,ai_final_score,ai_final_category,ai_bid_priority,ai_summary,ai_key_risks,ai_due_diligence_next_step,ai_confidence,deletion_reason,Auction List No,Auction Source Page,Auction Source Sequence
42,Green,Manual Review,1,00575-93-06-01170,511 S VICTOR AV E,3910.27,8000.0,4089.73,Not Checked,Not Checked,Not Checked,Research,,,43,False,False,False,kept,Unknown,"South Tulsa / county-edge property, only broad area-level context available in this pass.",ZIP-Level,City of Tulsa public safety resources,https://www.cityoftulsa.org/,Low,Unknown,Unknown,,,City of Tulsa development resources,https://www.cityoftulsa.org/,No credible project or district match was established from the available row data in this batch.,Avoided generic city-level matching without clearer location evidence.,Low,65,Watchlist,Priority 3,"Parcel 00575-93-06-01170 at 511 S VICTOR AV E has opening bid 3910.27, max bid 8000.0, grade nan, color Green, crime risk Unknown, and economic signal Unknown.","crime context Unknown, economic signal Unknown","Verify title, liens, occupancy, and auction-order assumptions before bidding.",Low,User-directed urgent deletion,3,1,3
12,Green,"$1,000–$1,500",21,05400-02-25-04330,524 E YOUNG ST N,1418.58,6500.0,5081.42,,Not Checked,Not Checked,Research,,,13,False,False,False,kept,Medium,Neighborhood-level north Tulsa context from public reporting and city investment patterns.,Neighborhood-Level,North Tulsa public safety context,https://www.cityoftulsa.org/,Low,Unknown,Unknown,,,City of Tulsa development resources,https://www.cityoftulsa.org/,No credible project or district match was established from the available row data in this batch.,Avoided generic city-level matching without clearer location evidence.,Low,65,Watchlist,Priority 3,"Parcel 05400-02-25-04330 at 524 E YOUNG ST N has opening bid 1418.58, max bid 6500.0, grade nan, color Green, crime risk Medium, and economic signal Unknown.","crime context Medium, economic signal Unknown","Verify title, liens, occupancy, and auction-order assumptions before bidding.",Low,User-directed urgent deletion,75,11,75
30,Green,Manual Review,17,07600-02-24-01200,820 E 36 ST N,3152.35,,,Not Checked,Not Checked,Not Checked,Research,,,31,False,False,False,kept,Medium,Neighborhood-level north Tulsa context from public reporting and city investment patterns.,Neighborhood-Level,North Tulsa public safety context,https://www.cityoftulsa.org/,Low,Unknown,Unknown,,,City of Tulsa development resources,https://www.cityoftulsa.org/,No credible project or district match was established from the available row data in this batch.,Avoided generic city-level matching without clearer location evidence.,Low,50,High Risk,Do Not Bid,"Parcel 07600-02-24-01200 at 820 E 36 ST N has opening bid 3152.35, max bid nan, grade nan, color Green, crime risk Medium, and economic signal Unknown.","crime context Medium, economic signal Unknown, blank max bid","Verify title, liens, occupancy, and auction-order assumptions before bidding.",Low,User-directed urgent deletion,103,15,103
6,Green,"$1,000–$1,500",5,24925-02-36-17420,1084 N NORFOLK AV E,1199.79,8000.0,6800.21,Not Checked,Not Checked,Not Checked,Research,,,7,False,False,False,kept,Medium,Neighborhood-level north Tulsa context from public reporting and city investment patterns.,Neighborhood-Level,North Tulsa public safety context,https://www.cityoftulsa.org/,Low,Unknown,Unknown,,,City of Tulsa development resources,https://www.cityoftulsa.org/,No credible project or district match was established from the available row data in this batch.,Avoided generic city-level matching without clearer location evidence.,Low,65,Watchlist,Priority 3,"Parcel 24925-02-36-17420 at 1084 N NORFOLK AV E has opening bid 1199.79, max bid 8000.0, grade nan, color Green, crime risk Medium, and economic signal Unknown.","crime context Medium, economic signal Unknown","Verify title, liens, occupancy, and auction-order assumptions before bidding.",Low,User-directed urgent deletion,383,56,383
24,Green,Manual Review,2,34300-03-32-15230,135 N COLUMBIA AV E,3005.69,9000.0,5994.31,Not Checked,Not Checked,Not Checked,Research,,,25,False,False,False,kept,Medium,Neighborhood-level north Tulsa context from public reporting and city investment patterns.,Neighborhood-Level,North Tulsa public safety context,https://www.cityoftulsa.org/,Low,Unknown,Unknown,,,City of Tulsa development resources,https://www.cityoftulsa.org/,No credible project or district match was established from the available row data in this batch.,Avoided generic city-level matching without clearer location evidence.,Low,57,Watchlist,Priority 3,"Parcel 34300-03-32-15230 at 135 N COLUMBIA AV E has opening bid 3005.69, max bid 9000.0, grade nan, color Green, crime risk Medium, and economic signal Unknown.","crime context Medium, economic signal Unknown","Verify title, liens, occupancy, and auction-order assumptions before bidding.",Low,User-directed urgent deletion,595,88,595
26,Green,Manual Review,9,34750-02-26-08160,2507 N MAIN ST E TULSA,3097.02,12000.0,8902.98,Not Checked,Not Checked,Not Checked,Research,,,27,False,False,False,kept,Medium,Neighborhood-level north Tulsa context from public reporting and city investment patterns.,Neighborhood-Level,North Tulsa public safety context,https://www.cityoftulsa.org/,Low,Unknown,Unknown,,,City of Tulsa development resources,https://www.cityoftulsa.org/,No credible project or district match was established from the available row data in this batch.,Avoided generic city-level matching without clearer location evidence.,Low,57,Watchlist,Priority 3,"Parcel 34750-02-26-08160 at 2507 N MAIN ST E TULSA has opening bid 3097.02, max bid 12000.0, grade nan, color Green, crime risk Medium, and economic signal Unknown.","crime context Medium, economic signal Unknown","Verify title, liens, occupancy, and auction-order assumptions before bidding.",Low,User-directed urgent deletion,604,89,604
39,Green,Manual Review,43,46465-92-11-31880,2034 S PHOENIX AV W,3329.0,6000.0,2671.0,Not Checked,Not Checked,Not Checked,Research,,,40,False,False,False,kept,Medium,Neighborhood-level north Tulsa context from public reporting and city investment patterns.,Neighborhood-Level,North Tulsa public safety context,https://www.cityoftulsa.org/,Low,Unknown,Unknown,,,City of Tulsa development resources,https://www.cityoftulsa.org/,No credible project or district match was established from the available row data in this batch.,Avoided generic city-level matching without clearer location evidence.,Low,57,Watchlist,Priority 3,"Parcel 46465-92-11-31880 at 2034 S PHOENIX AV W has opening bid 3329.0, max bid 6000.0, grade nan, color Green, crime risk Medium, and economic signal Unknown.","crime context Medium, economic signal Unknown","Verify title, liens, occupancy, and auction-order assumptions before bidding.",Low,User-directed urgent deletion,911,134,904
1,Green,"$900–$1,000",7,44675-92-08-04460,5134 W CHARLES PAGE,907.78,6500.0,5592.22,Not Checked,Not Checked,Not Checked,Research,,,2,False,False,False,kept,Unknown,"South Tulsa / county-edge property, only broad area-level context available in this pass.",ZIP-Level,City of Tulsa public safety resources,https://www.cityoftulsa.org/,Low,Neutral,No Clear Match,West Tulsa / Charles Page corridor,no supported named project matched in this batch,INCOG planning resources,https://incog.org/,No strong named district or project overlap was confirmed from the spreadsheet row alone.,"Only a corridor reference is visible, which is not enough for a strong development match.",Low,73,Strong Candidate,Priority 2,"Parcel 44675-92-08-04460 at 5134 W CHARLES PAGE has opening bid 907.78, max bid 6500.0, grade nan, color Green, crime risk Unknown, and economic signal Neutral.",crime context Unknown,"Verify title, liens, occupancy, and auction-order assumptions before bidding.",Low,User-directed urgent deletion,,,
23,Green,"$1,500–$2,000",46,44675-92-08-04450,5128 W CHARLES PAGE,1783.15,7000.0,5216.85,Not Checked,Not Checked,Not Checked,Research,,,24,False,False,False,kept,Unknown,"South Tulsa / county-edge property, only broad area-level context available in this pass.",ZIP-Level,City of Tulsa public safety resources,https://www.cityoftulsa.org/,Low,Neutral,No Clear Match,West Tulsa / Charles Page corridor,no supported named project matched in this batch,INCOG planning resources,https://incog.org/,No strong named district or project overlap was confirmed from the spreadsheet row alone.,"Only a corridor reference is visible, which is not enough for a strong development match.",Low,73,Strong Candidate,Priority 2,"Parcel 44675-92-08-04450 at 5128 W CHARLES PAGE has opening bid 1783.15, max bid 7000.0, grade nan, color Green, crime risk Unknown, and economic signal Neutral.",crime context Unknown,"Verify title, liens, occupancy, and auction-order assumptions before bidding.",Low,User-directed urgent deletion,,,
