parcel_id,development_match_strength,development_match_quality,development_match_warning,matched_development_area,matched_project_or_area_name,matched_project_type,matched_investment_signal_strength,development_source_url,development_source_title,development_summary,development_match_reason,development_confidence,previous_development_match_strength
40850-02-12-06130,No Clear Match,Low,,Unknown,Unknown,Unknown,Unknown,Unknown,Unknown,Unknown,"No specific street, corridor, neighborhood, or ZIP overlap found",Medium,No Clear Match
34300-03-32-15230,No Clear Match,Low,,Unknown,Unknown,Unknown,Unknown,Unknown,Unknown,Unknown,"No specific street, corridor, neighborhood, or ZIP overlap found",Medium,No Clear Match
29675-03-07-09890,No Clear Match,Low,,Unknown,Unknown,Unknown,Unknown,Unknown,Unknown,Unknown,"No specific street, corridor, neighborhood, or ZIP overlap found",Medium,No Clear Match
16250-92-05-01100,No Clear Match,Low,,Unknown,Unknown,Unknown,Unknown,Unknown,Unknown,Unknown,"No specific street, corridor, neighborhood, or ZIP overlap found",Medium,No Clear Match
41025-02-01-06220,No Clear Match,Low,,Unknown,Unknown,Unknown,Unknown,Unknown,Unknown,Unknown,"No specific street, corridor, neighborhood, or ZIP overlap found",Medium,No Clear Match
41025-02-01-01230,No Clear Match,Low,,Unknown,Unknown,Unknown,Unknown,Unknown,Unknown,Unknown,"No specific street, corridor, neighborhood, or ZIP overlap found",Medium,No Clear Match
34300-03-32-14790,No Clear Match,Low,,Unknown,Unknown,Unknown,Unknown,Unknown,Unknown,Unknown,"No specific street, corridor, neighborhood, or ZIP overlap found",Medium,No Clear Match
26725-02-25-17680,No Clear Match,Low,,Unknown,Unknown,Unknown,Unknown,Unknown,Unknown,Unknown,"No specific street, corridor, neighborhood, or ZIP overlap found",Medium,No Clear Match
29775-02-26-04910,No Clear Match,Low,,Unknown,Unknown,Unknown,Unknown,Unknown,Unknown,Unknown,"No specific street, corridor, neighborhood, or ZIP overlap found",Medium,No Clear Match
41025-02-01-04500,No Clear Match,Low,,Unknown,Unknown,Unknown,Unknown,Unknown,Unknown,Unknown,"No specific street, corridor, neighborhood, or ZIP overlap found",Medium,No Clear Match
92224-22-24-13020,Strong Match,High,,Tulsa Market District,Tulsa Market District / NOMA residential hub,Multifamily / Mixed-use neighborhood hub,High,https://partnertulsa.org/community-partner-profile-how-noma-is-creating-community-along-the-mother-road/,Community Partner Profile: How NOMA is Creating Community Along the Mother Road - PartnerTulsa,"NOMA added a 256-unit residential hub in the Tulsa Market District along Route 66 and was described as part of a broader effort to revitalize vacant spaces, improve walkability, and support new commercial activity in the corridor.",Specific street/corridor overlap: PEORIA,High,Strong Match
44200-02-11-04390,No Clear Match,Low,,Unknown,Unknown,Unknown,Unknown,Unknown,Unknown,Unknown,"No specific street, corridor, neighborhood, or ZIP overlap found",Medium,No Clear Match
44200-02-11-05670,No Clear Match,Low,,Unknown,Unknown,Unknown,Unknown,Unknown,Unknown,Unknown,"No specific street, corridor, neighborhood, or ZIP overlap found",Medium,No Clear Match
47700-02-26-09610,No Clear Match,Low,,Unknown,Unknown,Unknown,Unknown,Unknown,Unknown,Unknown,"No specific street, corridor, neighborhood, or ZIP overlap found",Medium,No Clear Match
13800-02-12-02160,No Clear Match,Low,,Unknown,Unknown,Unknown,Unknown,Unknown,Unknown,Unknown,"No specific street, corridor, neighborhood, or ZIP overlap found",Medium,No Clear Match
36090-03-08-00970,No Clear Match,Low,,Unknown,Unknown,Unknown,Unknown,Unknown,Unknown,Unknown,"No specific street, corridor, neighborhood, or ZIP overlap found",Medium,No Clear Match
05450-02-25-27030,No Clear Match,Low,,Unknown,Unknown,Unknown,Unknown,Unknown,Unknown,Unknown,"No specific street, corridor, neighborhood, or ZIP overlap found",Medium,No Clear Match
34750-02-26-08160,No Clear Match,Low,,Unknown,Unknown,Unknown,Unknown,Unknown,Unknown,Unknown,"No specific street, corridor, neighborhood, or ZIP overlap found",Medium,No Clear Match
19725-03-30-11560,No Clear Match,Low,,Unknown,Unknown,Unknown,Unknown,Unknown,Unknown,Unknown,"No specific street, corridor, neighborhood, or ZIP overlap found",Medium,No Clear Match
78810-84-11-09860,No Clear Match,Low,,Unknown,Unknown,Unknown,Unknown,Unknown,Unknown,Unknown,"No specific street, corridor, neighborhood, or ZIP overlap found",Medium,No Clear Match
40825-02-13-08350,No Clear Match,Low,,Unknown,Unknown,Unknown,Unknown,Unknown,Unknown,Unknown,"No specific street, corridor, neighborhood, or ZIP overlap found",Medium,No Clear Match
23175-03-30-13610,No Clear Match,Low,,Unknown,Unknown,Unknown,Unknown,Unknown,Unknown,Unknown,"No specific street, corridor, neighborhood, or ZIP overlap found",Medium,No Clear Match
44200-02-11-03560,No Clear Match,Low,,Unknown,Unknown,Unknown,Unknown,Unknown,Unknown,Unknown,"No specific street, corridor, neighborhood, or ZIP overlap found",Medium,No Clear Match
90327-03-27-26880,No Clear Match,Low,,Unknown,Unknown,Unknown,Unknown,Unknown,Unknown,Unknown,"No specific street, corridor, neighborhood, or ZIP overlap found",Medium,No Clear Match
25500-03-29-06000,No Clear Match,Low,,Unknown,Unknown,Unknown,Unknown,Unknown,Unknown,Unknown,"No specific street, corridor, neighborhood, or ZIP overlap found",Medium,No Clear Match
41025-02-01-04490,No Clear Match,Low,,Unknown,Unknown,Unknown,Unknown,Unknown,Unknown,Unknown,"No specific street, corridor, neighborhood, or ZIP overlap found",Medium,No Clear Match
91408-14-08-10310,No Clear Match,Invalid Weak Match,Weak match removed; previous match was based on generic location wording.,Unknown,Unknown,Unknown,Unknown,Unknown,Unknown,Unknown,Weak generic overlap only: TULSA,Medium,Strong Match
53775-02-02-00220,No Clear Match,Low,,Unknown,Unknown,Unknown,Unknown,Unknown,Unknown,Unknown,"No specific street, corridor, neighborhood, or ZIP overlap found",Medium,No Clear Match
23125-02-25-15350,No Clear Match,Low,,Unknown,Unknown,Unknown,Unknown,Unknown,Unknown,Unknown,"No specific street, corridor, neighborhood, or ZIP overlap found",Medium,No Clear Match
40800-02-13-04700,No Clear Match,Low,,Unknown,Unknown,Unknown,Unknown,Unknown,Unknown,Unknown,"No specific street, corridor, neighborhood, or ZIP overlap found",Medium,No Clear Match
07600-02-24-01200,No Clear Match,Low,,Unknown,Unknown,Unknown,Unknown,Unknown,Unknown,Unknown,"No specific street, corridor, neighborhood, or ZIP overlap found",Medium,No Clear Match
44200-02-11-01790,No Clear Match,Low,,Unknown,Unknown,Unknown,Unknown,Unknown,Unknown,Unknown,"No specific street, corridor, neighborhood, or ZIP overlap found",Medium,No Clear Match
44200-02-11-01470,No Clear Match,Low,,Unknown,Unknown,Unknown,Unknown,Unknown,Unknown,Unknown,"No specific street, corridor, neighborhood, or ZIP overlap found",Medium,No Clear Match
29775-02-26-05550,No Clear Match,Low,,Unknown,Unknown,Unknown,Unknown,Unknown,Unknown,Unknown,"No specific street, corridor, neighborhood, or ZIP overlap found",Medium,No Clear Match
16050-93-06-08050,No Clear Match,Low,,Unknown,Unknown,Unknown,Unknown,Unknown,Unknown,Unknown,"No specific street, corridor, neighborhood, or ZIP overlap found",Medium,No Clear Match
09725-03-30-08040,No Clear Match,Low,,Unknown,Unknown,Unknown,Unknown,Unknown,Unknown,Unknown,"No specific street, corridor, neighborhood, or ZIP overlap found",Medium,No Clear Match
37375-03-32-16320,No Clear Match,Low,,Unknown,Unknown,Unknown,Unknown,Unknown,Unknown,Unknown,"No specific street, corridor, neighborhood, or ZIP overlap found",Medium,No Clear Match
44200-02-14-06630,No Clear Match,Low,,Unknown,Unknown,Unknown,Unknown,Unknown,Unknown,Unknown,"No specific street, corridor, neighborhood, or ZIP overlap found",Medium,No Clear Match
44650-92-04-13070,Strong Match,High,,Greenwood District,Greenwood District revitalization and Black Tech Street momentum,Innovation district / community development,Medium,https://partnertulsa.org/,Home - PartnerTulsa,"PartnerTulsa highlights Greenwood District revitalization and Black Tech Street as part of Tulsa’s broader commercial and community development story, suggesting continued investment and visibility in the area.",Specific street/corridor overlap: ARCHER,Medium,Strong Match
44250-02-12-14920,No Clear Match,Low,,Unknown,Unknown,Unknown,Unknown,Unknown,Unknown,Unknown,"No specific street, corridor, neighborhood, or ZIP overlap found",Medium,No Clear Match
44200-02-11-03530,No Clear Match,Low,,Unknown,Unknown,Unknown,Unknown,Unknown,Unknown,Unknown,"No specific street, corridor, neighborhood, or ZIP overlap found",Medium,No Clear Match
44225-02-12-09330,No Clear Match,Low,,Unknown,Unknown,Unknown,Unknown,Unknown,Unknown,Unknown,"No specific street, corridor, neighborhood, or ZIP overlap found",Medium,No Clear Match
54325-92-31-02630,No Clear Match,Invalid Weak Match,Weak match removed; previous match was based on generic location wording.,Unknown,Unknown,Unknown,Unknown,Unknown,Unknown,Unknown,Weak generic overlap only: TULSA,Medium,Strong Match
52550-92-33-05285,No Clear Match,Low,,Unknown,Unknown,Unknown,Unknown,Unknown,Unknown,Unknown,"No specific street, corridor, neighborhood, or ZIP overlap found",Medium,No Clear Match
07725-02-13-02930,No Clear Match,Low,,Unknown,Unknown,Unknown,Unknown,Unknown,Unknown,Unknown,"No specific street, corridor, neighborhood, or ZIP overlap found",Medium,No Clear Match
79200-84-14-04250,No Clear Match,Low,,Unknown,Unknown,Unknown,Unknown,Unknown,Unknown,Unknown,"No specific street, corridor, neighborhood, or ZIP overlap found",Medium,No Clear Match
07675-02-13-01140,No Clear Match,Low,,Unknown,Unknown,Unknown,Unknown,Unknown,Unknown,Unknown,"No specific street, corridor, neighborhood, or ZIP overlap found",Medium,No Clear Match
49650-03-34-13420,No Clear Match,Low,,Unknown,Unknown,Unknown,Unknown,Unknown,Unknown,Unknown,"No specific street, corridor, neighborhood, or ZIP overlap found",Medium,No Clear Match
41025-02-01-06510,No Clear Match,Low,,Unknown,Unknown,Unknown,Unknown,Unknown,Unknown,Unknown,"No specific street, corridor, neighborhood, or ZIP overlap found",Medium,No Clear Match
15500-03-32-04800,No Clear Match,Low,,Unknown,Unknown,Unknown,Unknown,Unknown,Unknown,Unknown,"No specific street, corridor, neighborhood, or ZIP overlap found",Medium,No Clear Match
05825-03-30-01260,No Clear Match,Low,,Unknown,Unknown,Unknown,Unknown,Unknown,Unknown,Unknown,"No specific street, corridor, neighborhood, or ZIP overlap found",Medium,No Clear Match
37650-02-12-04530,No Clear Match,Low,,Unknown,Unknown,Unknown,Unknown,Unknown,Unknown,Unknown,"No specific street, corridor, neighborhood, or ZIP overlap found",Medium,No Clear Match
49700-03-34-14030,No Clear Match,Low,,Unknown,Unknown,Unknown,Unknown,Unknown,Unknown,Unknown,"No specific street, corridor, neighborhood, or ZIP overlap found",Medium,No Clear Match
32325-92-24-04910,No Clear Match,Low,,Unknown,Unknown,Unknown,Unknown,Unknown,Unknown,Unknown,"No specific street, corridor, neighborhood, or ZIP overlap found",Medium,No Clear Match
44200-02-11-01060,No Clear Match,Low,,Unknown,Unknown,Unknown,Unknown,Unknown,Unknown,Unknown,"No specific street, corridor, neighborhood, or ZIP overlap found",Medium,No Clear Match
17675-02-24-07570,No Clear Match,Low,,Unknown,Unknown,Unknown,Unknown,Unknown,Unknown,Unknown,"No specific street, corridor, neighborhood, or ZIP overlap found",Medium,No Clear Match
25500-03-29-06060,No Clear Match,Low,,Unknown,Unknown,Unknown,Unknown,Unknown,Unknown,Unknown,"No specific street, corridor, neighborhood, or ZIP overlap found",Medium,No Clear Match
17675-02-24-08030,No Clear Match,Low,,Unknown,Unknown,Unknown,Unknown,Unknown,Unknown,Unknown,"No specific street, corridor, neighborhood, or ZIP overlap found",Medium,No Clear Match
44200-02-11-03380,No Clear Match,Low,,Unknown,Unknown,Unknown,Unknown,Unknown,Unknown,Unknown,"No specific street, corridor, neighborhood, or ZIP overlap found",Medium,No Clear Match
25375-03-29-05240,No Clear Match,Low,,Unknown,Unknown,Unknown,Unknown,Unknown,Unknown,Unknown,"No specific street, corridor, neighborhood, or ZIP overlap found",Medium,No Clear Match
90306-03-06-24020,No Clear Match,Invalid Weak Match,Weak match removed; previous match was based on generic location wording.,Unknown,Unknown,Unknown,Unknown,Unknown,Unknown,Unknown,Weak generic overlap only: TULSA,Medium,Strong Match
24275-93-06-15110,No Clear Match,Low,,Unknown,Unknown,Unknown,Unknown,Unknown,Unknown,Unknown,"No specific street, corridor, neighborhood, or ZIP overlap found",Medium,No Clear Match
44250-02-12-15190,No Clear Match,Low,,Unknown,Unknown,Unknown,Unknown,Unknown,Unknown,Unknown,"No specific street, corridor, neighborhood, or ZIP overlap found",Medium,No Clear Match
29650-03-07-03460,No Clear Match,Low,,Unknown,Unknown,Unknown,Unknown,Unknown,Unknown,Unknown,"No specific street, corridor, neighborhood, or ZIP overlap found",Medium,No Clear Match
53825-02-02-01310,No Clear Match,Low,,Unknown,Unknown,Unknown,Unknown,Unknown,Unknown,Unknown,"No specific street, corridor, neighborhood, or ZIP overlap found",Medium,No Clear Match
46465-92-11-31880,No Clear Match,Low,,Unknown,Unknown,Unknown,Unknown,Unknown,Unknown,Unknown,"No specific street, corridor, neighborhood, or ZIP overlap found",Medium,No Clear Match
91316-13-16-06210,No Clear Match,Invalid Weak Match,Weak match removed; previous match was based on generic location wording.,Unknown,Unknown,Unknown,Unknown,Unknown,Unknown,Unknown,Weak generic overlap only: TULSA,Medium,Strong Match
91236-12-36-01030,No Clear Match,Invalid Weak Match,Weak match removed; previous match was based on generic location wording.,Unknown,Unknown,Unknown,Unknown,Unknown,Unknown,Unknown,Weak generic overlap only: TULSA,Medium,Strong Match
24200-03-28-04080,No Clear Match,Low,,Unknown,Unknown,Unknown,Unknown,Unknown,Unknown,Unknown,"No specific street, corridor, neighborhood, or ZIP overlap found",Medium,No Clear Match
12175-92-03-02290,No Clear Match,Low,,Unknown,Unknown,Unknown,Unknown,Unknown,Unknown,Unknown,"No specific street, corridor, neighborhood, or ZIP overlap found",Medium,No Clear Match
07675-02-13-01590,No Clear Match,Low,,Unknown,Unknown,Unknown,Unknown,Unknown,Unknown,Unknown,"No specific street, corridor, neighborhood, or ZIP overlap found",Medium,No Clear Match
04550-03-32-02430,No Clear Match,Low,,Unknown,Unknown,Unknown,Unknown,Unknown,Unknown,Unknown,"No specific street, corridor, neighborhood, or ZIP overlap found",Medium,No Clear Match
26250-92-05-02570,No Clear Match,Low,,Unknown,Unknown,Unknown,Unknown,Unknown,Unknown,Unknown,"No specific street, corridor, neighborhood, or ZIP overlap found",Medium,No Clear Match
44225-02-12-10920,No Clear Match,Low,,Unknown,Unknown,Unknown,Unknown,Unknown,Unknown,Unknown,"No specific street, corridor, neighborhood, or ZIP overlap found",Medium,No Clear Match
29625-02-36-21010,No Clear Match,Low,,Unknown,Unknown,Unknown,Unknown,Unknown,Unknown,Unknown,"No specific street, corridor, neighborhood, or ZIP overlap found",Medium,No Clear Match
10450-03-19-50550,No Clear Match,Low,,Unknown,Unknown,Unknown,Unknown,Unknown,Unknown,Unknown,"No specific street, corridor, neighborhood, or ZIP overlap found",Medium,No Clear Match
28025-93-11-08980,No Clear Match,Low,,Unknown,Unknown,Unknown,Unknown,Unknown,Unknown,Unknown,"No specific street, corridor, neighborhood, or ZIP overlap found",Medium,No Clear Match
37650-02-12-04250,No Clear Match,Low,,Unknown,Unknown,Unknown,Unknown,Unknown,Unknown,Unknown,"No specific street, corridor, neighborhood, or ZIP overlap found",Medium,No Clear Match
40825-02-13-08480,No Clear Match,Low,,Unknown,Unknown,Unknown,Unknown,Unknown,Unknown,Unknown,"No specific street, corridor, neighborhood, or ZIP overlap found",Medium,No Clear Match
18650-93-06-12970,No Clear Match,Low,,Unknown,Unknown,Unknown,Unknown,Unknown,Unknown,Unknown,"No specific street, corridor, neighborhood, or ZIP overlap found",Medium,No Clear Match
28475-03-33-14410,No Clear Match,Low,,Unknown,Unknown,Unknown,Unknown,Unknown,Unknown,Unknown,"No specific street, corridor, neighborhood, or ZIP overlap found",Medium,No Clear Match
29675-03-07-09230,No Clear Match,Low,,Unknown,Unknown,Unknown,Unknown,Unknown,Unknown,Unknown,"No specific street, corridor, neighborhood, or ZIP overlap found",Medium,No Clear Match
90330-03-30-22140,No Clear Match,Low,,Unknown,Unknown,Unknown,Unknown,Unknown,Unknown,Unknown,"No specific street, corridor, neighborhood, or ZIP overlap found",Medium,No Clear Match
90201-02-01-25920,No Clear Match,Low,,Unknown,Unknown,Unknown,Unknown,Unknown,Unknown,Unknown,"No specific street, corridor, neighborhood, or ZIP overlap found",Medium,No Clear Match
44200-02-11-03600,No Clear Match,Low,,Unknown,Unknown,Unknown,Unknown,Unknown,Unknown,Unknown,"No specific street, corridor, neighborhood, or ZIP overlap found",Medium,No Clear Match
08450-03-29-03260,No Clear Match,Low,,Unknown,Unknown,Unknown,Unknown,Unknown,Unknown,Unknown,"No specific street, corridor, neighborhood, or ZIP overlap found",Medium,No Clear Match
19725-03-30-11590,No Clear Match,Low,,Unknown,Unknown,Unknown,Unknown,Unknown,Unknown,Unknown,"No specific street, corridor, neighborhood, or ZIP overlap found",Medium,No Clear Match
38575-03-28-12560,No Clear Match,Low,,Unknown,Unknown,Unknown,Unknown,Unknown,Unknown,Unknown,"No specific street, corridor, neighborhood, or ZIP overlap found",Medium,No Clear Match
07675-02-13-01610,No Clear Match,Low,,Unknown,Unknown,Unknown,Unknown,Unknown,Unknown,Unknown,"No specific street, corridor, neighborhood, or ZIP overlap found",Medium,No Clear Match
23000-03-27-08140,No Clear Match,Low,,Unknown,Unknown,Unknown,Unknown,Unknown,Unknown,Unknown,"No specific street, corridor, neighborhood, or ZIP overlap found",Medium,No Clear Match
44200-02-11-02340,No Clear Match,Low,,Unknown,Unknown,Unknown,Unknown,Unknown,Unknown,Unknown,"No specific street, corridor, neighborhood, or ZIP overlap found",Medium,No Clear Match
27550-93-08-18710,No Clear Match,Low,,Unknown,Unknown,Unknown,Unknown,Unknown,Unknown,Unknown,"No specific street, corridor, neighborhood, or ZIP overlap found",Medium,No Clear Match
07600-02-24-00740,No Clear Match,Low,,Unknown,Unknown,Unknown,Unknown,Unknown,Unknown,Unknown,"No specific street, corridor, neighborhood, or ZIP overlap found",Medium,No Clear Match
30125-03-28-10360,No Clear Match,Low,,Unknown,Unknown,Unknown,Unknown,Unknown,Unknown,Unknown,"No specific street, corridor, neighborhood, or ZIP overlap found",Medium,No Clear Match
44200-02-11-02050,No Clear Match,Low,,Unknown,Unknown,Unknown,Unknown,Unknown,Unknown,Unknown,"No specific street, corridor, neighborhood, or ZIP overlap found",Medium,No Clear Match
13200-02-26-00860,No Clear Match,Low,,Unknown,Unknown,Unknown,Unknown,Unknown,Unknown,Unknown,"No specific street, corridor, neighborhood, or ZIP overlap found",Medium,No Clear Match
01800-03-35-01450,No Clear Match,Low,,Unknown,Unknown,Unknown,Unknown,Unknown,Unknown,Unknown,"No specific street, corridor, neighborhood, or ZIP overlap found",Medium,No Clear Match
61475-91-11-02110,No Clear Match,Low,,Unknown,Unknown,Unknown,Unknown,Unknown,Unknown,Unknown,"No specific street, corridor, neighborhood, or ZIP overlap found",Medium,No Clear Match
29650-03-07-06110,No Clear Match,Low,,Unknown,Unknown,Unknown,Unknown,Unknown,Unknown,Unknown,"No specific street, corridor, neighborhood, or ZIP overlap found",Medium,No Clear Match
40850-02-12-06950,No Clear Match,Low,,Unknown,Unknown,Unknown,Unknown,Unknown,Unknown,Unknown,"No specific street, corridor, neighborhood, or ZIP overlap found",Medium,No Clear Match
53675-92-32-01900,No Clear Match,Invalid Weak Match,Weak match removed; previous match was based on generic location wording.,Unknown,Unknown,Unknown,Unknown,Unknown,Unknown,Unknown,Weak generic overlap only: TULSA,Medium,Strong Match
38605-92-05-04540,No Clear Match,Low,,Unknown,Unknown,Unknown,Unknown,Unknown,Unknown,Unknown,"No specific street, corridor, neighborhood, or ZIP overlap found",Medium,No Clear Match
24200-03-28-06670,No Clear Match,Low,,Unknown,Unknown,Unknown,Unknown,Unknown,Unknown,Unknown,"No specific street, corridor, neighborhood, or ZIP overlap found",Medium,No Clear Match
28975-03-28-09640,No Clear Match,Low,,Unknown,Unknown,Unknown,Unknown,Unknown,Unknown,Unknown,"No specific street, corridor, neighborhood, or ZIP overlap found",Medium,No Clear Match
07675-02-13-01570,No Clear Match,Low,,Unknown,Unknown,Unknown,Unknown,Unknown,Unknown,Unknown,"No specific street, corridor, neighborhood, or ZIP overlap found",Medium,No Clear Match
22025-03-35-07520,No Clear Match,Low,,Unknown,Unknown,Unknown,Unknown,Unknown,Unknown,Unknown,"No specific street, corridor, neighborhood, or ZIP overlap found",Medium,No Clear Match
25525-03-29-06940,No Clear Match,Low,,Unknown,Unknown,Unknown,Unknown,Unknown,Unknown,Unknown,"No specific street, corridor, neighborhood, or ZIP overlap found",Medium,No Clear Match
34750-02-26-08560,No Clear Match,Low,,Unknown,Unknown,Unknown,Unknown,Unknown,Unknown,Unknown,"No specific street, corridor, neighborhood, or ZIP overlap found",Medium,No Clear Match
30200-02-26-07150,No Clear Match,Low,,Unknown,Unknown,Unknown,Unknown,Unknown,Unknown,Unknown,"No specific street, corridor, neighborhood, or ZIP overlap found",Medium,No Clear Match
21600-02-35-08590,No Clear Match,Low,,Unknown,Unknown,Unknown,Unknown,Unknown,Unknown,Unknown,"No specific street, corridor, neighborhood, or ZIP overlap found",Medium,No Clear Match
35925-03-30-16670,No Clear Match,Low,,Unknown,Unknown,Unknown,Unknown,Unknown,Unknown,Unknown,"No specific street, corridor, neighborhood, or ZIP overlap found",Medium,No Clear Match
63700-12-13-00540,No Clear Match,Low,,Unknown,Unknown,Unknown,Unknown,Unknown,Unknown,Unknown,"No specific street, corridor, neighborhood, or ZIP overlap found",Medium,No Clear Match
55200-91-10-01250,No Clear Match,Invalid Weak Match,Weak match removed; previous match was based on generic location wording.,Unknown,Unknown,Unknown,Unknown,Unknown,Unknown,Unknown,"Weak generic overlap only: INDUSTRIAL, TULSA",Medium,Strong Match
90404-04-04-64010,No Clear Match,Invalid Weak Match,Weak match removed; previous match was based on generic location wording.,Unknown,Unknown,Unknown,Unknown,Unknown,Unknown,Unknown,Weak generic overlap only: TULSA,Medium,Strong Match
44200-02-11-01080,No Clear Match,Low,,Unknown,Unknown,Unknown,Unknown,Unknown,Unknown,Unknown,"No specific street, corridor, neighborhood, or ZIP overlap found",Medium,No Clear Match
98224-82-24-37060,No Clear Match,Low,,Unknown,Unknown,Unknown,Unknown,Unknown,Unknown,Unknown,"No specific street, corridor, neighborhood, or ZIP overlap found",Medium,No Clear Match
17925-92-04-03330,No Clear Match,Low,,Unknown,Unknown,Unknown,Unknown,Unknown,Unknown,Unknown,"No specific street, corridor, neighborhood, or ZIP overlap found",Medium,No Clear Match
49600-03-17-06000,No Clear Match,Low,,Unknown,Unknown,Unknown,Unknown,Unknown,Unknown,Unknown,"No specific street, corridor, neighborhood, or ZIP overlap found",Medium,No Clear Match
59900-24-20-00058,No Clear Match,Low,,Unknown,Unknown,Unknown,Unknown,Unknown,Unknown,Unknown,"No specific street, corridor, neighborhood, or ZIP overlap found",Medium,No Clear Match
09175-93-05-05710,No Clear Match,Low,,Unknown,Unknown,Unknown,Unknown,Unknown,Unknown,Unknown,"No specific street, corridor, neighborhood, or ZIP overlap found",Medium,No Clear Match
90326-03-26-20930,No Clear Match,Low,,Unknown,Unknown,Unknown,Unknown,Unknown,Unknown,Unknown,"No specific street, corridor, neighborhood, or ZIP overlap found",Medium,No Clear Match
00775-02-25-00730,No Clear Match,Low,,Unknown,Unknown,Unknown,Unknown,Unknown,Unknown,Unknown,"No specific street, corridor, neighborhood, or ZIP overlap found",Medium,No Clear Match
41950-02-24-12580,No Clear Match,Low,,Unknown,Unknown,Unknown,Unknown,Unknown,Unknown,Unknown,"No specific street, corridor, neighborhood, or ZIP overlap found",Medium,No Clear Match
04925-03-35-02930,No Clear Match,Low,,Unknown,Unknown,Unknown,Unknown,Unknown,Unknown,Unknown,"No specific street, corridor, neighborhood, or ZIP overlap found",Medium,No Clear Match
36075-03-08-00420,No Clear Match,Low,,Unknown,Unknown,Unknown,Unknown,Unknown,Unknown,Unknown,"No specific street, corridor, neighborhood, or ZIP overlap found",Medium,No Clear Match
45600-94-16-00400,No Clear Match,Low,,Unknown,Unknown,Unknown,Unknown,Unknown,Unknown,Unknown,"No specific street, corridor, neighborhood, or ZIP overlap found",Medium,No Clear Match
44325-03-36-04550,No Clear Match,Low,,Unknown,Unknown,Unknown,Unknown,Unknown,Unknown,Unknown,"No specific street, corridor, neighborhood, or ZIP overlap found",Medium,No Clear Match
56625-92-20-01430,No Clear Match,Low,,Unknown,Unknown,Unknown,Unknown,Unknown,Unknown,Unknown,"No specific street, corridor, neighborhood, or ZIP overlap found",Medium,No Clear Match
29650-03-07-05860,No Clear Match,Low,,Unknown,Unknown,Unknown,Unknown,Unknown,Unknown,Unknown,"No specific street, corridor, neighborhood, or ZIP overlap found",Medium,No Clear Match
00575-93-06-01170,No Clear Match,Low,,Unknown,Unknown,Unknown,Unknown,Unknown,Unknown,Unknown,"No specific street, corridor, neighborhood, or ZIP overlap found",Medium,No Clear Match
11000-83-06-00270,Strong Match,High,,Tulsa Market District,Tulsa Market District / NOMA residential hub,Multifamily / Mixed-use neighborhood hub,High,https://partnertulsa.org/community-partner-profile-how-noma-is-creating-community-along-the-mother-road/,Community Partner Profile: How NOMA is Creating Community Along the Mother Road - PartnerTulsa,"NOMA added a 256-unit residential hub in the Tulsa Market District along Route 66 and was described as part of a broader effort to revitalize vacant spaces, improve walkability, and support new commercial activity in the corridor.",Specific street/corridor overlap: 66,High,No Clear Match
90306-03-06-46920,No Clear Match,Invalid Weak Match,Weak match removed; previous match was based on generic location wording.,Unknown,Unknown,Unknown,Unknown,Unknown,Unknown,Unknown,Weak generic overlap only: TULSA,Medium,Strong Match
20300-92-03-05280,No Clear Match,Low,,Unknown,Unknown,Unknown,Unknown,Unknown,Unknown,Unknown,"No specific street, corridor, neighborhood, or ZIP overlap found",Medium,No Clear Match
49800-03-34-15300,No Clear Match,Low,,Unknown,Unknown,Unknown,Unknown,Unknown,Unknown,Unknown,"No specific street, corridor, neighborhood, or ZIP overlap found",Medium,No Clear Match
23900-03-27-09360,No Clear Match,Low,,Unknown,Unknown,Unknown,Unknown,Unknown,Unknown,Unknown,"No specific street, corridor, neighborhood, or ZIP overlap found",Medium,No Clear Match
40325-94-17-06900,No Clear Match,Low,,Unknown,Unknown,Unknown,Unknown,Unknown,Unknown,Unknown,"No specific street, corridor, neighborhood, or ZIP overlap found",Medium,No Clear Match
13775-02-12-01490,No Clear Match,Low,,Unknown,Unknown,Unknown,Unknown,Unknown,Unknown,Unknown,"No specific street, corridor, neighborhood, or ZIP overlap found",Medium,No Clear Match
02350-03-35-02480,No Clear Match,Low,,Unknown,Unknown,Unknown,Unknown,Unknown,Unknown,Unknown,"No specific street, corridor, neighborhood, or ZIP overlap found",Medium,No Clear Match
16275-92-05-01670,No Clear Match,Low,,Unknown,Unknown,Unknown,Unknown,Unknown,Unknown,Unknown,"No specific street, corridor, neighborhood, or ZIP overlap found",Medium,No Clear Match
17675-02-24-07550,No Clear Match,Low,,Unknown,Unknown,Unknown,Unknown,Unknown,Unknown,Unknown,"No specific street, corridor, neighborhood, or ZIP overlap found",Medium,No Clear Match
34300-03-32-14720,No Clear Match,Low,,Unknown,Unknown,Unknown,Unknown,Unknown,Unknown,Unknown,"No specific street, corridor, neighborhood, or ZIP overlap found",Medium,No Clear Match
49725-03-34-14590,No Clear Match,Low,,Unknown,Unknown,Unknown,Unknown,Unknown,Unknown,Unknown,"No specific street, corridor, neighborhood, or ZIP overlap found",Medium,No Clear Match
07725-02-13-02870,No Clear Match,Low,,Unknown,Unknown,Unknown,Unknown,Unknown,Unknown,Unknown,"No specific street, corridor, neighborhood, or ZIP overlap found",Medium,No Clear Match
63125-91-11-15420,No Clear Match,Low,,Unknown,Unknown,Unknown,Unknown,Unknown,Unknown,Unknown,"No specific street, corridor, neighborhood, or ZIP overlap found",Medium,No Clear Match
99203-92-03-14350,No Clear Match,Low,,Unknown,Unknown,Unknown,Unknown,Unknown,Unknown,Unknown,"No specific street, corridor, neighborhood, or ZIP overlap found",Medium,No Clear Match
23125-02-25-14790,No Clear Match,Low,,Unknown,Unknown,Unknown,Unknown,Unknown,Unknown,Unknown,"No specific street, corridor, neighborhood, or ZIP overlap found",Medium,No Clear Match
37800-93-02-09080,No Clear Match,Low,,Unknown,Unknown,Unknown,Unknown,Unknown,Unknown,Unknown,"No specific street, corridor, neighborhood, or ZIP overlap found",Medium,No Clear Match
15125-03-33-05670,No Clear Match,Low,,Unknown,Unknown,Unknown,Unknown,Unknown,Unknown,Unknown,"No specific street, corridor, neighborhood, or ZIP overlap found",Medium,No Clear Match
26825-93-01-08300,No Clear Match,Low,,Unknown,Unknown,Unknown,Unknown,Unknown,Unknown,Unknown,"No specific street, corridor, neighborhood, or ZIP overlap found",Medium,No Clear Match
26825-93-01-07370,No Clear Match,Low,,Unknown,Unknown,Unknown,Unknown,Unknown,Unknown,Unknown,"No specific street, corridor, neighborhood, or ZIP overlap found",Medium,No Clear Match
36525-94-02-01380,No Clear Match,Low,,Unknown,Unknown,Unknown,Unknown,Unknown,Unknown,Unknown,"No specific street, corridor, neighborhood, or ZIP overlap found",Medium,No Clear Match
20300-92-03-05240,No Clear Match,Low,,Unknown,Unknown,Unknown,Unknown,Unknown,Unknown,Unknown,"No specific street, corridor, neighborhood, or ZIP overlap found",Medium,No Clear Match
91225-12-25-41510,No Clear Match,Invalid Weak Match,Weak match removed; previous match was based on generic location wording.,Unknown,Unknown,Unknown,Unknown,Unknown,Unknown,Unknown,Weak generic overlap only: TULSA,Medium,Strong Match
91236-12-36-50430,Strong Match,High,,Tulsa Market District,Tulsa Market District / NOMA residential hub,Multifamily / Mixed-use neighborhood hub,High,https://partnertulsa.org/community-partner-profile-how-noma-is-creating-community-along-the-mother-road/,Community Partner Profile: How NOMA is Creating Community Along the Mother Road - PartnerTulsa,"NOMA added a 256-unit residential hub in the Tulsa Market District along Route 66 and was described as part of a broader effort to revitalize vacant spaces, improve walkability, and support new commercial activity in the corridor.",Specific street/corridor overlap: PEORIA,High,Strong Match
43925-03-35-15210,No Clear Match,Low,,Unknown,Unknown,Unknown,Unknown,Unknown,Unknown,Unknown,"No specific street, corridor, neighborhood, or ZIP overlap found",Medium,No Clear Match
99229-92-29-38016,No Clear Match,Invalid Weak Match,Weak match removed; previous match was based on generic location wording.,Unknown,Unknown,Unknown,Unknown,Unknown,Unknown,Unknown,Weak generic overlap only: TULSA,Medium,Strong Match
29350-03-07-02400,No Clear Match,Low,,Unknown,Unknown,Unknown,Unknown,Unknown,Unknown,Unknown,"No specific street, corridor, neighborhood, or ZIP overlap found",Medium,No Clear Match
44250-02-12-14150,No Clear Match,Low,,Unknown,Unknown,Unknown,Unknown,Unknown,Unknown,Unknown,"No specific street, corridor, neighborhood, or ZIP overlap found",Medium,No Clear Match
35900-03-30-15790,No Clear Match,Low,,Unknown,Unknown,Unknown,Unknown,Unknown,Unknown,Unknown,"No specific street, corridor, neighborhood, or ZIP overlap found",Medium,No Clear Match
44200-02-11-01560,No Clear Match,Low,,Unknown,Unknown,Unknown,Unknown,Unknown,Unknown,Unknown,"No specific street, corridor, neighborhood, or ZIP overlap found",Medium,No Clear Match
27775-03-36-02105,No Clear Match,Low,,Unknown,Unknown,Unknown,Unknown,Unknown,Unknown,Unknown,"No specific street, corridor, neighborhood, or ZIP overlap found",Medium,No Clear Match
35900-03-30-15590,No Clear Match,Low,,Unknown,Unknown,Unknown,Unknown,Unknown,Unknown,Unknown,"No specific street, corridor, neighborhood, or ZIP overlap found",Medium,No Clear Match
40825-02-13-09510,No Clear Match,Low,,Unknown,Unknown,Unknown,Unknown,Unknown,Unknown,Unknown,"No specific street, corridor, neighborhood, or ZIP overlap found",Medium,No Clear Match
23900-03-27-09230,No Clear Match,Low,,Unknown,Unknown,Unknown,Unknown,Unknown,Unknown,Unknown,"No specific street, corridor, neighborhood, or ZIP overlap found",Medium,No Clear Match
30200-02-26-07080,No Clear Match,Low,,Unknown,Unknown,Unknown,Unknown,Unknown,Unknown,Unknown,"No specific street, corridor, neighborhood, or ZIP overlap found",Medium,No Clear Match
25650-03-34-12590,No Clear Match,Low,,Unknown,Unknown,Unknown,Unknown,Unknown,Unknown,Unknown,"No specific street, corridor, neighborhood, or ZIP overlap found",Medium,No Clear Match
37050-03-35-12510,No Clear Match,Low,,Unknown,Unknown,Unknown,Unknown,Unknown,Unknown,Unknown,"No specific street, corridor, neighborhood, or ZIP overlap found",Medium,No Clear Match
34300-03-32-15710,No Clear Match,Low,,Unknown,Unknown,Unknown,Unknown,Unknown,Unknown,Unknown,"No specific street, corridor, neighborhood, or ZIP overlap found",Medium,No Clear Match
19650-03-35-06970,No Clear Match,Low,,Unknown,Unknown,Unknown,Unknown,Unknown,Unknown,Unknown,"No specific street, corridor, neighborhood, or ZIP overlap found",Medium,No Clear Match
41675-03-35-13900,No Clear Match,Low,,Unknown,Unknown,Unknown,Unknown,Unknown,Unknown,Unknown,"No specific street, corridor, neighborhood, or ZIP overlap found",Medium,No Clear Match
37800-93-02-09760,No Clear Match,Low,,Unknown,Unknown,Unknown,Unknown,Unknown,Unknown,Unknown,"No specific street, corridor, neighborhood, or ZIP overlap found",Medium,No Clear Match
53725-02-01-03030,No Clear Match,Invalid Weak Match,Weak match removed; previous match was based on generic location wording.,Unknown,Unknown,Unknown,Unknown,Unknown,Unknown,Unknown,Weak generic overlap only: TULSA,Medium,Strong Match
10225-93-02-04460,No Clear Match,Low,,Unknown,Unknown,Unknown,Unknown,Unknown,Unknown,Unknown,"No specific street, corridor, neighborhood, or ZIP overlap found",Medium,No Clear Match
02400-03-32-00700,No Clear Match,Low,,Unknown,Unknown,Unknown,Unknown,Unknown,Unknown,Unknown,"No specific street, corridor, neighborhood, or ZIP overlap found",Medium,No Clear Match
12875-94-08-06230,No Clear Match,Low,,Unknown,Unknown,Unknown,Unknown,Unknown,Unknown,Unknown,"No specific street, corridor, neighborhood, or ZIP overlap found",Medium,No Clear Match
79600-84-11-12350,No Clear Match,Low,,Unknown,Unknown,Unknown,Unknown,Unknown,Unknown,Unknown,"No specific street, corridor, neighborhood, or ZIP overlap found",Medium,No Clear Match
29675-03-07-10040,No Clear Match,Low,,Unknown,Unknown,Unknown,Unknown,Unknown,Unknown,Unknown,"No specific street, corridor, neighborhood, or ZIP overlap found",Medium,No Clear Match
25200-03-35-07780,No Clear Match,Low,,Unknown,Unknown,Unknown,Unknown,Unknown,Unknown,Unknown,"No specific street, corridor, neighborhood, or ZIP overlap found",Medium,No Clear Match
37800-93-02-09990,No Clear Match,Low,,Unknown,Unknown,Unknown,Unknown,Unknown,Unknown,Unknown,"No specific street, corridor, neighborhood, or ZIP overlap found",Medium,No Clear Match
25225-03-35-09460,No Clear Match,Low,,Unknown,Unknown,Unknown,Unknown,Unknown,Unknown,Unknown,"No specific street, corridor, neighborhood, or ZIP overlap found",Medium,No Clear Match
41650-03-35-13120,No Clear Match,Low,,Unknown,Unknown,Unknown,Unknown,Unknown,Unknown,Unknown,"No specific street, corridor, neighborhood, or ZIP overlap found",Medium,No Clear Match
42675-93-02-14170,No Clear Match,Low,,Unknown,Unknown,Unknown,Unknown,Unknown,Unknown,Unknown,"No specific street, corridor, neighborhood, or ZIP overlap found",Medium,No Clear Match
97424-74-24-21620,No Clear Match,Invalid Weak Match,Weak match removed; previous match was based on generic location wording.,Unknown,Unknown,Unknown,Unknown,Unknown,Unknown,Unknown,Weak generic overlap only: TULSA,Medium,Strong Match
11225-02-24-03490,No Clear Match,Low,,Unknown,Unknown,Unknown,Unknown,Unknown,Unknown,Unknown,"No specific street, corridor, neighborhood, or ZIP overlap found",Medium,No Clear Match
34600-93-25-02050,No Clear Match,Low,,Unknown,Unknown,Unknown,Unknown,Unknown,Unknown,Unknown,"No specific street, corridor, neighborhood, or ZIP overlap found",Medium,No Clear Match
37775-93-03-07050,No Clear Match,Low,,Unknown,Unknown,Unknown,Unknown,Unknown,Unknown,Unknown,"No specific street, corridor, neighborhood, or ZIP overlap found",Medium,No Clear Match
53450-02-01-01960,Strong Match,High,,Tulsa Market District,Tulsa Market District / NOMA residential hub,Multifamily / Mixed-use neighborhood hub,High,https://partnertulsa.org/community-partner-profile-how-noma-is-creating-community-along-the-mother-road/,Community Partner Profile: How NOMA is Creating Community Along the Mother Road - PartnerTulsa,"NOMA added a 256-unit residential hub in the Tulsa Market District along Route 66 and was described as part of a broader effort to revitalize vacant spaces, improve walkability, and support new commercial activity in the corridor.",Specific street/corridor overlap: PEORIA,High,Strong Match
00575-93-06-00950,No Clear Match,Low,,Unknown,Unknown,Unknown,Unknown,Unknown,Unknown,Unknown,"No specific street, corridor, neighborhood, or ZIP overlap found",Medium,No Clear Match
49800-03-34-14990,No Clear Match,Low,,Unknown,Unknown,Unknown,Unknown,Unknown,Unknown,Unknown,"No specific street, corridor, neighborhood, or ZIP overlap found",Medium,No Clear Match
60513-73-08-70260,No Clear Match,Low,,Unknown,Unknown,Unknown,Unknown,Unknown,Unknown,Unknown,"No specific street, corridor, neighborhood, or ZIP overlap found",Medium,No Clear Match
07410-94-07-23780,No Clear Match,Low,,Unknown,Unknown,Unknown,Unknown,Unknown,Unknown,Unknown,"No specific street, corridor, neighborhood, or ZIP overlap found",Medium,No Clear Match
90212-02-12-25800,No Clear Match,Low,,Unknown,Unknown,Unknown,Unknown,Unknown,Unknown,Unknown,"No specific street, corridor, neighborhood, or ZIP overlap found",Medium,No Clear Match
22100-92-28-02330,No Clear Match,Low,,Unknown,Unknown,Unknown,Unknown,Unknown,Unknown,Unknown,"No specific street, corridor, neighborhood, or ZIP overlap found",Medium,No Clear Match
44325-03-36-03990,No Clear Match,Low,,Unknown,Unknown,Unknown,Unknown,Unknown,Unknown,Unknown,"No specific street, corridor, neighborhood, or ZIP overlap found",Medium,No Clear Match
25150-03-34-10030,No Clear Match,Low,,Unknown,Unknown,Unknown,Unknown,Unknown,Unknown,Unknown,"No specific street, corridor, neighborhood, or ZIP overlap found",Medium,No Clear Match
09000-92-27-06570,No Clear Match,Low,,Unknown,Unknown,Unknown,Unknown,Unknown,Unknown,Unknown,"No specific street, corridor, neighborhood, or ZIP overlap found",Medium,No Clear Match
46825-03-33-18040,No Clear Match,Low,,Unknown,Unknown,Unknown,Unknown,Unknown,Unknown,Unknown,"No specific street, corridor, neighborhood, or ZIP overlap found",Medium,No Clear Match
43800-93-04-19370,No Clear Match,Low,,Unknown,Unknown,Unknown,Unknown,Unknown,Unknown,Unknown,"No specific street, corridor, neighborhood, or ZIP overlap found",Medium,No Clear Match
36150-93-04-13930,No Clear Match,Low,,Unknown,Unknown,Unknown,Unknown,Unknown,Unknown,Unknown,"No specific street, corridor, neighborhood, or ZIP overlap found",Medium,No Clear Match
78810-84-11-09060,No Clear Match,Low,,Unknown,Unknown,Unknown,Unknown,Unknown,Unknown,Unknown,"No specific street, corridor, neighborhood, or ZIP overlap found",Medium,No Clear Match
25050-03-34-03580,No Clear Match,Low,,Unknown,Unknown,Unknown,Unknown,Unknown,Unknown,Unknown,"No specific street, corridor, neighborhood, or ZIP overlap found",Medium,No Clear Match
27775-03-36-02215,No Clear Match,Low,,Unknown,Unknown,Unknown,Unknown,Unknown,Unknown,Unknown,"No specific street, corridor, neighborhood, or ZIP overlap found",Medium,No Clear Match
63725-12-13-01130,No Clear Match,Low,,Unknown,Unknown,Unknown,Unknown,Unknown,Unknown,Unknown,"No specific street, corridor, neighborhood, or ZIP overlap found",Medium,No Clear Match
54675-92-05-05450,No Clear Match,Invalid Weak Match,Weak match removed; previous match was based on generic location wording.,Unknown,Unknown,Unknown,Unknown,Unknown,Unknown,Unknown,Weak generic overlap only: TULSA,Medium,Strong Match
18550-93-05-13060,No Clear Match,Low,,Unknown,Unknown,Unknown,Unknown,Unknown,Unknown,Unknown,"No specific street, corridor, neighborhood, or ZIP overlap found",Medium,No Clear Match
29775-02-26-05800,No Clear Match,Low,,Unknown,Unknown,Unknown,Unknown,Unknown,Unknown,Unknown,"No specific street, corridor, neighborhood, or ZIP overlap found",Medium,No Clear Match
05075-93-24-08770,No Clear Match,Low,,Unknown,Unknown,Unknown,Unknown,Unknown,Unknown,Unknown,"No specific street, corridor, neighborhood, or ZIP overlap found",Medium,No Clear Match
13775-02-12-01430,No Clear Match,Low,,Unknown,Unknown,Unknown,Unknown,Unknown,Unknown,Unknown,"No specific street, corridor, neighborhood, or ZIP overlap found",Medium,No Clear Match
57370-72-13-63370,No Clear Match,Low,,Unknown,Unknown,Unknown,Unknown,Unknown,Unknown,Unknown,"No specific street, corridor, neighborhood, or ZIP overlap found",Medium,No Clear Match
91407-14-07-52320,No Clear Match,Low,,Unknown,Unknown,Unknown,Unknown,Unknown,Unknown,Unknown,"No specific street, corridor, neighborhood, or ZIP overlap found",Medium,No Clear Match
19275-03-34-02480,No Clear Match,Low,,Unknown,Unknown,Unknown,Unknown,Unknown,Unknown,Unknown,"No specific street, corridor, neighborhood, or ZIP overlap found",Medium,No Clear Match
17950-92-04-05170,No Clear Match,Low,,Unknown,Unknown,Unknown,Unknown,Unknown,Unknown,Unknown,"No specific street, corridor, neighborhood, or ZIP overlap found",Medium,No Clear Match
62075-91-11-09360,No Clear Match,Low,,Unknown,Unknown,Unknown,Unknown,Unknown,Unknown,Unknown,"No specific street, corridor, neighborhood, or ZIP overlap found",Medium,No Clear Match
17925-92-04-04250,No Clear Match,Low,,Unknown,Unknown,Unknown,Unknown,Unknown,Unknown,Unknown,"No specific street, corridor, neighborhood, or ZIP overlap found",Medium,No Clear Match
06625-92-27-02490,No Clear Match,Low,,Unknown,Unknown,Unknown,Unknown,Unknown,Unknown,Unknown,"No specific street, corridor, neighborhood, or ZIP overlap found",Medium,No Clear Match
45450-94-06-10580,No Clear Match,Low,,Unknown,Unknown,Unknown,Unknown,Unknown,Unknown,Unknown,"No specific street, corridor, neighborhood, or ZIP overlap found",Medium,No Clear Match
17025-02-36-12170,No Clear Match,Low,,Unknown,Unknown,Unknown,Unknown,Unknown,Unknown,Unknown,"No specific street, corridor, neighborhood, or ZIP overlap found",Medium,No Clear Match
40850-02-12-07500,No Clear Match,Low,,Unknown,Unknown,Unknown,Unknown,Unknown,Unknown,Unknown,"No specific street, corridor, neighborhood, or ZIP overlap found",Medium,No Clear Match
56600-92-20-00740,No Clear Match,Invalid Weak Match,Weak match removed; previous match was based on generic location wording.,Unknown,Unknown,Unknown,Unknown,Unknown,Unknown,Unknown,Weak generic overlap only: TULSA,Medium,Strong Match
04350-02-25-02620,No Clear Match,Low,,Unknown,Unknown,Unknown,Unknown,Unknown,Unknown,Unknown,"No specific street, corridor, neighborhood, or ZIP overlap found",Medium,No Clear Match
06100-02-26-00080,No Clear Match,Low,,Unknown,Unknown,Unknown,Unknown,Unknown,Unknown,Unknown,"No specific street, corridor, neighborhood, or ZIP overlap found",Medium,No Clear Match
91316-13-16-06510,No Clear Match,Invalid Weak Match,Weak match removed; previous match was based on generic location wording.,Unknown,Unknown,Unknown,Unknown,Unknown,Unknown,Unknown,Weak generic overlap only: TULSA,Medium,Strong Match
08375-03-29-02800,No Clear Match,Low,,Unknown,Unknown,Unknown,Unknown,Unknown,Unknown,Unknown,"No specific street, corridor, neighborhood, or ZIP overlap found",Medium,No Clear Match
41100-92-34-03610,No Clear Match,Low,,Unknown,Unknown,Unknown,Unknown,Unknown,Unknown,Unknown,"No specific street, corridor, neighborhood, or ZIP overlap found",Medium,No Clear Match
22200-03-36-00370,No Clear Match,Low,,Unknown,Unknown,Unknown,Unknown,Unknown,Unknown,Unknown,"No specific street, corridor, neighborhood, or ZIP overlap found",Medium,No Clear Match
43775-93-05-22530,Strong Match,High,,Tulsa Market District,Tulsa Market District / NOMA residential hub,Multifamily / Mixed-use neighborhood hub,High,https://partnertulsa.org/community-partner-profile-how-noma-is-creating-community-along-the-mother-road/,Community Partner Profile: How NOMA is Creating Community Along the Mother Road - PartnerTulsa,"NOMA added a 256-unit residential hub in the Tulsa Market District along Route 66 and was described as part of a broader effort to revitalize vacant spaces, improve walkability, and support new commercial activity in the corridor.",Specific street/corridor overlap: HARVARD,High,Strong Match
74985-94-20-10040,No Clear Match,Low,,Unknown,Unknown,Unknown,Unknown,Unknown,Unknown,Unknown,"No specific street, corridor, neighborhood, or ZIP overlap found",Medium,No Clear Match
85315-72-15-46520,No Clear Match,Low,,Unknown,Unknown,Unknown,Unknown,Unknown,Unknown,Unknown,"No specific street, corridor, neighborhood, or ZIP overlap found",Medium,No Clear Match
11575-03-35-04690,No Clear Match,Low,,Unknown,Unknown,Unknown,Unknown,Unknown,Unknown,Unknown,"No specific street, corridor, neighborhood, or ZIP overlap found",Medium,No Clear Match
12060-94-08-20510,No Clear Match,Low,,Unknown,Unknown,Unknown,Unknown,Unknown,Unknown,Unknown,"No specific street, corridor, neighborhood, or ZIP overlap found",Medium,No Clear Match
98434-84-34-00350,Unknown,Low,,Unknown,Unknown,Unknown,Unknown,Unknown,Unknown,Unknown,Insufficient overlap data,Low,Unknown
99027-90-27-68130,No Clear Match,Invalid Weak Match,Weak match removed; previous match was based on generic location wording.,Unknown,Unknown,Unknown,Unknown,Unknown,Unknown,Unknown,Weak generic overlap only: TULSA,Medium,Strong Match
30950-03-33-14960,No Clear Match,Low,,Unknown,Unknown,Unknown,Unknown,Unknown,Unknown,Unknown,"No specific street, corridor, neighborhood, or ZIP overlap found",Medium,No Clear Match
12150-93-11-01280,No Clear Match,Low,,Unknown,Unknown,Unknown,Unknown,Unknown,Unknown,Unknown,"No specific street, corridor, neighborhood, or ZIP overlap found",Medium,No Clear Match
56900-92-20-02220,No Clear Match,Invalid Weak Match,Weak match removed; previous match was based on generic location wording.,Unknown,Unknown,Unknown,Unknown,Unknown,Unknown,Unknown,Weak generic overlap only: TULSA,Medium,Strong Match
54225-03-06-05290,No Clear Match,Invalid Weak Match,Weak match removed; previous match was based on generic location wording.,Unknown,Unknown,Unknown,Unknown,Unknown,Unknown,Unknown,Weak generic overlap only: TULSA,Medium,Strong Match
34750-02-26-07380,No Clear Match,Low,,Unknown,Unknown,Unknown,Unknown,Unknown,Unknown,Unknown,"No specific street, corridor, neighborhood, or ZIP overlap found",Medium,No Clear Match
07700-02-13-02200,No Clear Match,Low,,Unknown,Unknown,Unknown,Unknown,Unknown,Unknown,Unknown,"No specific street, corridor, neighborhood, or ZIP overlap found",Medium,No Clear Match
10475-92-08-00680,No Clear Match,Low,,Unknown,Unknown,Unknown,Unknown,Unknown,Unknown,Unknown,"No specific street, corridor, neighborhood, or ZIP overlap found",Medium,No Clear Match
55425-91-07-00270,No Clear Match,Invalid Weak Match,Weak match removed; previous match was based on generic location wording.,Unknown,Unknown,Unknown,Unknown,Unknown,Unknown,Unknown,Weak generic overlap only: TULSA,Medium,Strong Match
31125-92-27-16750,No Clear Match,Low,,Unknown,Unknown,Unknown,Unknown,Unknown,Unknown,Unknown,"No specific street, corridor, neighborhood, or ZIP overlap found",Medium,No Clear Match
91213-12-13-51390,No Clear Match,Invalid Weak Match,Weak match removed; previous match was based on generic location wording.,Unknown,Unknown,Unknown,Unknown,Unknown,Unknown,Unknown,Weak generic overlap only: TULSA,Medium,Strong Match
29650-03-07-03370,No Clear Match,Low,,Unknown,Unknown,Unknown,Unknown,Unknown,Unknown,Unknown,"No specific street, corridor, neighborhood, or ZIP overlap found",Medium,No Clear Match
29650-03-07-03310,No Clear Match,Low,,Unknown,Unknown,Unknown,Unknown,Unknown,Unknown,Unknown,"No specific street, corridor, neighborhood, or ZIP overlap found",Medium,No Clear Match
13850-93-05-10530,No Clear Match,Low,,Unknown,Unknown,Unknown,Unknown,Unknown,Unknown,Unknown,"No specific street, corridor, neighborhood, or ZIP overlap found",Medium,No Clear Match
22100-92-28-03130,No Clear Match,Low,,Unknown,Unknown,Unknown,Unknown,Unknown,Unknown,Unknown,"No specific street, corridor, neighborhood, or ZIP overlap found",Medium,No Clear Match
10175-93-02-01530,Strong Match,High,,Tulsa Market District,Tulsa Market District / NOMA residential hub,Multifamily / Mixed-use neighborhood hub,High,https://partnertulsa.org/community-partner-profile-how-noma-is-creating-community-along-the-mother-road/,Community Partner Profile: How NOMA is Creating Community Along the Mother Road - PartnerTulsa,"NOMA added a 256-unit residential hub in the Tulsa Market District along Route 66 and was described as part of a broader effort to revitalize vacant spaces, improve walkability, and support new commercial activity in the corridor.",Specific street/corridor overlap: 66,High,No Clear Match
27875-92-11-03570,No Clear Match,Low,,Unknown,Unknown,Unknown,Unknown,Unknown,Unknown,Unknown,"No specific street, corridor, neighborhood, or ZIP overlap found",Medium,No Clear Match
45350-94-06-07290,No Clear Match,Low,,Unknown,Unknown,Unknown,Unknown,Unknown,Unknown,Unknown,"No specific street, corridor, neighborhood, or ZIP overlap found",Medium,No Clear Match
78810-84-11-09070,No Clear Match,Low,,Unknown,Unknown,Unknown,Unknown,Unknown,Unknown,Unknown,"No specific street, corridor, neighborhood, or ZIP overlap found",Medium,No Clear Match
20725-93-03-06410,No Clear Match,Low,,Unknown,Unknown,Unknown,Unknown,Unknown,Unknown,Unknown,"No specific street, corridor, neighborhood, or ZIP overlap found",Medium,No Clear Match
41025-02-01-00530,No Clear Match,Low,,Unknown,Unknown,Unknown,Unknown,Unknown,Unknown,Unknown,"No specific street, corridor, neighborhood, or ZIP overlap found",Medium,No Clear Match
07225-02-13-00060,No Clear Match,Low,,Unknown,Unknown,Unknown,Unknown,Unknown,Unknown,Unknown,"No specific street, corridor, neighborhood, or ZIP overlap found",Medium,No Clear Match
37800-93-02-09000,No Clear Match,Low,,Unknown,Unknown,Unknown,Unknown,Unknown,Unknown,Unknown,"No specific street, corridor, neighborhood, or ZIP overlap found",Medium,No Clear Match
27300-93-14-10790,No Clear Match,Low,,Unknown,Unknown,Unknown,Unknown,Unknown,Unknown,Unknown,"No specific street, corridor, neighborhood, or ZIP overlap found",Medium,No Clear Match
38200-92-26-00840,No Clear Match,Low,,Unknown,Unknown,Unknown,Unknown,Unknown,Unknown,Unknown,"No specific street, corridor, neighborhood, or ZIP overlap found",Medium,No Clear Match
76925-94-19-48280,No Clear Match,Low,,Unknown,Unknown,Unknown,Unknown,Unknown,Unknown,Unknown,"No specific street, corridor, neighborhood, or ZIP overlap found",Medium,No Clear Match
23850-93-15-11970,No Clear Match,Low,,Unknown,Unknown,Unknown,Unknown,Unknown,Unknown,Unknown,"No specific street, corridor, neighborhood, or ZIP overlap found",Medium,No Clear Match
74735-84-06-61950,No Clear Match,Low,,Unknown,Unknown,Unknown,Unknown,Unknown,Unknown,Unknown,"No specific street, corridor, neighborhood, or ZIP overlap found",Medium,No Clear Match
57320-14-33-14860,No Clear Match,Invalid Weak Match,Weak match removed; previous match was based on generic location wording.,Unknown,Unknown,Unknown,Unknown,Unknown,Unknown,Unknown,Weak generic overlap only: TULSA,Medium,Strong Match
11575-03-35-03730,No Clear Match,Low,,Unknown,Unknown,Unknown,Unknown,Unknown,Unknown,Unknown,"No specific street, corridor, neighborhood, or ZIP overlap found",Medium,No Clear Match
07415-94-07-29470,No Clear Match,Low,,Unknown,Unknown,Unknown,Unknown,Unknown,Unknown,Unknown,"No specific street, corridor, neighborhood, or ZIP overlap found",Medium,No Clear Match
35725-93-31-08440,No Clear Match,Low,,Unknown,Unknown,Unknown,Unknown,Unknown,Unknown,Unknown,"No specific street, corridor, neighborhood, or ZIP overlap found",Medium,No Clear Match
16375-93-03-04910,No Clear Match,Low,,Unknown,Unknown,Unknown,Unknown,Unknown,Unknown,Unknown,"No specific street, corridor, neighborhood, or ZIP overlap found",Medium,No Clear Match
40325-94-17-06480,No Clear Match,Low,,Unknown,Unknown,Unknown,Unknown,Unknown,Unknown,Unknown,"No specific street, corridor, neighborhood, or ZIP overlap found",Medium,No Clear Match
19275-03-34-02810,No Clear Match,Low,,Unknown,Unknown,Unknown,Unknown,Unknown,Unknown,Unknown,"No specific street, corridor, neighborhood, or ZIP overlap found",Medium,No Clear Match
44325-03-36-04310,No Clear Match,Low,,Unknown,Unknown,Unknown,Unknown,Unknown,Unknown,Unknown,"No specific street, corridor, neighborhood, or ZIP overlap found",Medium,No Clear Match
15875-02-25-09420,No Clear Match,Low,,Unknown,Unknown,Unknown,Unknown,Unknown,Unknown,Unknown,"No specific street, corridor, neighborhood, or ZIP overlap found",Medium,No Clear Match
04125-93-14-02940,No Clear Match,Low,,Unknown,Unknown,Unknown,Unknown,Unknown,Unknown,Unknown,"No specific street, corridor, neighborhood, or ZIP overlap found",Medium,No Clear Match
17925-92-04-03240,No Clear Match,Low,,Unknown,Unknown,Unknown,Unknown,Unknown,Unknown,Unknown,"No specific street, corridor, neighborhood, or ZIP overlap found",Medium,No Clear Match
49850-92-28-05460,No Clear Match,Low,,Unknown,Unknown,Unknown,Unknown,Unknown,Unknown,Unknown,"No specific street, corridor, neighborhood, or ZIP overlap found",Medium,No Clear Match
31125-92-27-17320,No Clear Match,Low,,Unknown,Unknown,Unknown,Unknown,Unknown,Unknown,Unknown,"No specific street, corridor, neighborhood, or ZIP overlap found",Medium,No Clear Match
98225-82-25-36030,No Clear Match,Low,,Unknown,Unknown,Unknown,Unknown,Unknown,Unknown,Unknown,"No specific street, corridor, neighborhood, or ZIP overlap found",Medium,No Clear Match
04125-93-14-02930,No Clear Match,Low,,Unknown,Unknown,Unknown,Unknown,Unknown,Unknown,Unknown,"No specific street, corridor, neighborhood, or ZIP overlap found",Medium,No Clear Match
12375-92-04-01560,No Clear Match,Low,,Unknown,Unknown,Unknown,Unknown,Unknown,Unknown,Unknown,"No specific street, corridor, neighborhood, or ZIP overlap found",Medium,No Clear Match
62250-91-22-02240,No Clear Match,Low,,Unknown,Unknown,Unknown,Unknown,Unknown,Unknown,Unknown,"No specific street, corridor, neighborhood, or ZIP overlap found",Medium,No Clear Match
04375-92-12-00740,No Clear Match,Low,,Unknown,Unknown,Unknown,Unknown,Unknown,Unknown,Unknown,"No specific street, corridor, neighborhood, or ZIP overlap found",Medium,No Clear Match
27325-93-14-12410,No Clear Match,Low,,Unknown,Unknown,Unknown,Unknown,Unknown,Unknown,Unknown,"No specific street, corridor, neighborhood, or ZIP overlap found",Medium,No Clear Match
98402-84-02-01880,No Clear Match,Low,,Unknown,Unknown,Unknown,Unknown,Unknown,Unknown,Unknown,"No specific street, corridor, neighborhood, or ZIP overlap found",Medium,No Clear Match
25050-03-34-06390,No Clear Match,Low,,Unknown,Unknown,Unknown,Unknown,Unknown,Unknown,Unknown,"No specific street, corridor, neighborhood, or ZIP overlap found",Medium,No Clear Match
34375-92-22-05090,No Clear Match,Low,,Unknown,Unknown,Unknown,Unknown,Unknown,Unknown,Unknown,"No specific street, corridor, neighborhood, or ZIP overlap found",Medium,No Clear Match
11600-93-30-07650,No Clear Match,Low,,Unknown,Unknown,Unknown,Unknown,Unknown,Unknown,Unknown,"No specific street, corridor, neighborhood, or ZIP overlap found",Medium,No Clear Match
74850-94-19-17590,No Clear Match,Low,,Unknown,Unknown,Unknown,Unknown,Unknown,Unknown,Unknown,"No specific street, corridor, neighborhood, or ZIP overlap found",Medium,No Clear Match
14625-93-12-00820,No Clear Match,Low,,Unknown,Unknown,Unknown,Unknown,Unknown,Unknown,Unknown,"No specific street, corridor, neighborhood, or ZIP overlap found",Medium,No Clear Match
45350-94-06-07770,No Clear Match,Low,,Unknown,Unknown,Unknown,Unknown,Unknown,Unknown,Unknown,"No specific street, corridor, neighborhood, or ZIP overlap found",Medium,No Clear Match
97328-73-28-61960,No Clear Match,Invalid Weak Match,Weak match removed; previous match was based on generic location wording.,Unknown,Unknown,Unknown,Unknown,Unknown,Unknown,Unknown,Weak generic overlap only: TULSA,Medium,Strong Match
38975-92-33-02620,No Clear Match,Low,,Unknown,Unknown,Unknown,Unknown,Unknown,Unknown,Unknown,"No specific street, corridor, neighborhood, or ZIP overlap found",Medium,No Clear Match
62225-91-22-01600,No Clear Match,Low,,Unknown,Unknown,Unknown,Unknown,Unknown,Unknown,Unknown,"No specific street, corridor, neighborhood, or ZIP overlap found",Medium,No Clear Match
61400-14-30-07430,No Clear Match,Low,,Unknown,Unknown,Unknown,Unknown,Unknown,Unknown,Unknown,"No specific street, corridor, neighborhood, or ZIP overlap found",Medium,No Clear Match
57845-73-14-53600,No Clear Match,Low,,Unknown,Unknown,Unknown,Unknown,Unknown,Unknown,Unknown,"No specific street, corridor, neighborhood, or ZIP overlap found",Medium,No Clear Match
08300-93-04-02320,No Clear Match,Low,,Unknown,Unknown,Unknown,Unknown,Unknown,Unknown,Unknown,"No specific street, corridor, neighborhood, or ZIP overlap found",Medium,No Clear Match
74965-94-20-07530,No Clear Match,Low,,Unknown,Unknown,Unknown,Unknown,Unknown,Unknown,Unknown,"No specific street, corridor, neighborhood, or ZIP overlap found",Medium,No Clear Match
34600-93-25-02750,No Clear Match,Low,,Unknown,Unknown,Unknown,Unknown,Unknown,Unknown,Unknown,"No specific street, corridor, neighborhood, or ZIP overlap found",Medium,No Clear Match
45350-94-06-06870,No Clear Match,Low,,Unknown,Unknown,Unknown,Unknown,Unknown,Unknown,Unknown,"No specific street, corridor, neighborhood, or ZIP overlap found",Medium,No Clear Match
36525-94-02-00450,No Clear Match,Low,,Unknown,Unknown,Unknown,Unknown,Unknown,Unknown,Unknown,"No specific street, corridor, neighborhood, or ZIP overlap found",Medium,No Clear Match
31100-93-02-05790,No Clear Match,Low,,Unknown,Unknown,Unknown,Unknown,Unknown,Unknown,Unknown,"No specific street, corridor, neighborhood, or ZIP overlap found",Medium,No Clear Match
26390-94-16-15330,No Clear Match,Low,,Unknown,Unknown,Unknown,Unknown,Unknown,Unknown,Unknown,"No specific street, corridor, neighborhood, or ZIP overlap found",Medium,No Clear Match
82170-84-21-72600,No Clear Match,Low,,Unknown,Unknown,Unknown,Unknown,Unknown,Unknown,Unknown,"No specific street, corridor, neighborhood, or ZIP overlap found",Medium,No Clear Match
03312-03-20-04220,No Clear Match,Low,,Unknown,Unknown,Unknown,Unknown,Unknown,Unknown,Unknown,"No specific street, corridor, neighborhood, or ZIP overlap found",Medium,No Clear Match
61375-14-30-06240,No Clear Match,Low,,Unknown,Unknown,Unknown,Unknown,Unknown,Unknown,Unknown,"No specific street, corridor, neighborhood, or ZIP overlap found",Medium,No Clear Match
04025-93-15-00650,No Clear Match,Low,,Unknown,Unknown,Unknown,Unknown,Unknown,Unknown,Unknown,"No specific street, corridor, neighborhood, or ZIP overlap found",Medium,No Clear Match
45625-93-21-16710,No Clear Match,Low,,Unknown,Unknown,Unknown,Unknown,Unknown,Unknown,Unknown,"No specific street, corridor, neighborhood, or ZIP overlap found",Medium,No Clear Match
23600-93-24-15470,No Clear Match,Low,,Unknown,Unknown,Unknown,Unknown,Unknown,Unknown,Unknown,"No specific street, corridor, neighborhood, or ZIP overlap found",Medium,No Clear Match
10800-93-01-04840,No Clear Match,Low,,Unknown,Unknown,Unknown,Unknown,Unknown,Unknown,Unknown,"No specific street, corridor, neighborhood, or ZIP overlap found",Medium,No Clear Match
55980-74-05-47490,No Clear Match,Invalid Weak Match,Weak match removed; previous match was based on generic location wording.,Unknown,Unknown,Unknown,Unknown,Unknown,Unknown,Unknown,Weak generic overlap only: TULSA,Medium,Strong Match
45575-93-04-21370,No Clear Match,Low,,Unknown,Unknown,Unknown,Unknown,Unknown,Unknown,Unknown,"No specific street, corridor, neighborhood, or ZIP overlap found",Medium,No Clear Match
99301-93-01-11400,No Clear Match,Low,,Unknown,Unknown,Unknown,Unknown,Unknown,Unknown,Unknown,"No specific street, corridor, neighborhood, or ZIP overlap found",Medium,No Clear Match
20300-92-03-06160,No Clear Match,Low,,Unknown,Unknown,Unknown,Unknown,Unknown,Unknown,Unknown,"No specific street, corridor, neighborhood, or ZIP overlap found",Medium,No Clear Match
17925-92-04-03930,No Clear Match,Low,,Unknown,Unknown,Unknown,Unknown,Unknown,Unknown,Unknown,"No specific street, corridor, neighborhood, or ZIP overlap found",Medium,No Clear Match
98210-82-10-15720,Unknown,Low,,Unknown,Unknown,Unknown,Unknown,Unknown,Unknown,Unknown,Insufficient overlap data,Low,Unknown
90329-03-29-41780,Strong Match,High,,Tulsa Market District,Tulsa Market District / NOMA residential hub,Multifamily / Mixed-use neighborhood hub,High,https://partnertulsa.org/community-partner-profile-how-noma-is-creating-community-along-the-mother-road/,Community Partner Profile: How NOMA is Creating Community Along the Mother Road - PartnerTulsa,"NOMA added a 256-unit residential hub in the Tulsa Market District along Route 66 and was described as part of a broader effort to revitalize vacant spaces, improve walkability, and support new commercial activity in the corridor.",Specific street/corridor overlap: HARVARD,High,Strong Match
78540-84-14-02370,No Clear Match,Low,,Unknown,Unknown,Unknown,Unknown,Unknown,Unknown,Unknown,"No specific street, corridor, neighborhood, or ZIP overlap found",Medium,No Clear Match
61975-91-12-03150,No Clear Match,Low,,Unknown,Unknown,Unknown,Unknown,Unknown,Unknown,Unknown,"No specific street, corridor, neighborhood, or ZIP overlap found",Medium,No Clear Match
12425-92-04-02590,No Clear Match,Low,,Unknown,Unknown,Unknown,Unknown,Unknown,Unknown,Unknown,"No specific street, corridor, neighborhood, or ZIP overlap found",Medium,No Clear Match
00725-03-33-00530,No Clear Match,Low,,Unknown,Unknown,Unknown,Unknown,Unknown,Unknown,Unknown,"No specific street, corridor, neighborhood, or ZIP overlap found",Medium,No Clear Match
40375-94-08-07940,No Clear Match,Low,,Unknown,Unknown,Unknown,Unknown,Unknown,Unknown,Unknown,"No specific street, corridor, neighborhood, or ZIP overlap found",Medium,No Clear Match
08150-94-08-00330,No Clear Match,Low,,Unknown,Unknown,Unknown,Unknown,Unknown,Unknown,Unknown,"No specific street, corridor, neighborhood, or ZIP overlap found",Medium,No Clear Match
54425-02-02-04980,No Clear Match,Invalid Weak Match,Weak match removed; previous match was based on generic location wording.,Unknown,Unknown,Unknown,Unknown,Unknown,Unknown,Unknown,Weak generic overlap only: TULSA,Medium,Strong Match
20575-93-30-08990,Strong Match,High,,Tulsa Market District,Tulsa Market District / NOMA residential hub,Multifamily / Mixed-use neighborhood hub,High,https://partnertulsa.org/community-partner-profile-how-noma-is-creating-community-along-the-mother-road/,Community Partner Profile: How NOMA is Creating Community Along the Mother Road - PartnerTulsa,"NOMA added a 256-unit residential hub in the Tulsa Market District along Route 66 and was described as part of a broader effort to revitalize vacant spaces, improve walkability, and support new commercial activity in the corridor.",Specific street/corridor overlap: PEORIA,High,Strong Match
24525-94-07-04110,No Clear Match,Low,,Unknown,Unknown,Unknown,Unknown,Unknown,Unknown,Unknown,"No specific street, corridor, neighborhood, or ZIP overlap found",Medium,No Clear Match
57628-73-15-20120,No Clear Match,Low,,Unknown,Unknown,Unknown,Unknown,Unknown,Unknown,Unknown,"No specific street, corridor, neighborhood, or ZIP overlap found",Medium,No Clear Match
12210-94-16-41680,No Clear Match,Low,,Unknown,Unknown,Unknown,Unknown,Unknown,Unknown,Unknown,"No specific street, corridor, neighborhood, or ZIP overlap found",Medium,No Clear Match
54375-02-01-07910,No Clear Match,Invalid Weak Match,Weak match removed; previous match was based on generic location wording.,Unknown,Unknown,Unknown,Unknown,Unknown,Unknown,Unknown,Weak generic overlap only: TULSA,Medium,Strong Match
84830-72-11-53420,No Clear Match,Low,,Unknown,Unknown,Unknown,Unknown,Unknown,Unknown,Unknown,"No specific street, corridor, neighborhood, or ZIP overlap found",Medium,No Clear Match
45350-94-06-08780,No Clear Match,Low,,Unknown,Unknown,Unknown,Unknown,Unknown,Unknown,Unknown,"No specific street, corridor, neighborhood, or ZIP overlap found",Medium,No Clear Match
80610-84-11-13910,No Clear Match,Low,,Unknown,Unknown,Unknown,Unknown,Unknown,Unknown,Unknown,"No specific street, corridor, neighborhood, or ZIP overlap found",Medium,No Clear Match
36540-94-02-16310,No Clear Match,Low,,Unknown,Unknown,Unknown,Unknown,Unknown,Unknown,Unknown,"No specific street, corridor, neighborhood, or ZIP overlap found",Medium,No Clear Match
98412-84-12-02870,No Clear Match,Low,,Unknown,Unknown,Unknown,Unknown,Unknown,Unknown,Unknown,"No specific street, corridor, neighborhood, or ZIP overlap found",Medium,No Clear Match
57490-90-30-41030,No Clear Match,Low,,Unknown,Unknown,Unknown,Unknown,Unknown,Unknown,Unknown,"No specific street, corridor, neighborhood, or ZIP overlap found",Medium,No Clear Match
85175-72-12-57030,No Clear Match,Low,,Unknown,Unknown,Unknown,Unknown,Unknown,Unknown,Unknown,"No specific street, corridor, neighborhood, or ZIP overlap found",Medium,No Clear Match
46000-93-30-11430,No Clear Match,Low,,Unknown,Unknown,Unknown,Unknown,Unknown,Unknown,Unknown,"No specific street, corridor, neighborhood, or ZIP overlap found",Medium,No Clear Match
12145-94-09-44920,No Clear Match,Low,,Unknown,Unknown,Unknown,Unknown,Unknown,Unknown,Unknown,"No specific street, corridor, neighborhood, or ZIP overlap found",Medium,No Clear Match
14175-03-33-03800,No Clear Match,Low,,Unknown,Unknown,Unknown,Unknown,Unknown,Unknown,Unknown,"No specific street, corridor, neighborhood, or ZIP overlap found",Medium,No Clear Match
16375-93-03-05080,No Clear Match,Low,,Unknown,Unknown,Unknown,Unknown,Unknown,Unknown,Unknown,"No specific street, corridor, neighborhood, or ZIP overlap found",Medium,No Clear Match
08675-93-01-02070,No Clear Match,Low,,Unknown,Unknown,Unknown,Unknown,Unknown,Unknown,Unknown,"No specific street, corridor, neighborhood, or ZIP overlap found",Medium,No Clear Match
30800-93-07-13130,No Clear Match,Low,,Unknown,Unknown,Unknown,Unknown,Unknown,Unknown,Unknown,"No specific street, corridor, neighborhood, or ZIP overlap found",Medium,No Clear Match
04175-93-14-07050,No Clear Match,Low,,Unknown,Unknown,Unknown,Unknown,Unknown,Unknown,Unknown,"No specific street, corridor, neighborhood, or ZIP overlap found",Medium,No Clear Match
61500-91-27-00840,No Clear Match,Low,,Unknown,Unknown,Unknown,Unknown,Unknown,Unknown,Unknown,"No specific street, corridor, neighborhood, or ZIP overlap found",Medium,No Clear Match
85375-72-14-01945,No Clear Match,Low,,Unknown,Unknown,Unknown,Unknown,Unknown,Unknown,Unknown,"No specific street, corridor, neighborhood, or ZIP overlap found",Medium,No Clear Match
42025-93-07-18720,No Clear Match,Low,,Unknown,Unknown,Unknown,Unknown,Unknown,Unknown,Unknown,"No specific street, corridor, neighborhood, or ZIP overlap found",Medium,No Clear Match
61940-91-27-37160,No Clear Match,Low,,Unknown,Unknown,Unknown,Unknown,Unknown,Unknown,Unknown,"No specific street, corridor, neighborhood, or ZIP overlap found",Medium,No Clear Match
46875-93-03-13050,No Clear Match,Low,,Unknown,Unknown,Unknown,Unknown,Unknown,Unknown,Unknown,"No specific street, corridor, neighborhood, or ZIP overlap found",Medium,No Clear Match
22775-94-17-02590,No Clear Match,Low,,Unknown,Unknown,Unknown,Unknown,Unknown,Unknown,Unknown,"No specific street, corridor, neighborhood, or ZIP overlap found",Medium,No Clear Match
20300-92-03-04570,No Clear Match,Low,,Unknown,Unknown,Unknown,Unknown,Unknown,Unknown,Unknown,"No specific street, corridor, neighborhood, or ZIP overlap found",Medium,No Clear Match
17950-92-04-04930,No Clear Match,Low,,Unknown,Unknown,Unknown,Unknown,Unknown,Unknown,Unknown,"No specific street, corridor, neighborhood, or ZIP overlap found",Medium,No Clear Match
46525-94-05-05250,No Clear Match,Low,,Unknown,Unknown,Unknown,Unknown,Unknown,Unknown,Unknown,"No specific street, corridor, neighborhood, or ZIP overlap found",Medium,No Clear Match
23850-93-15-12810,No Clear Match,Low,,Unknown,Unknown,Unknown,Unknown,Unknown,Unknown,Unknown,"No specific street, corridor, neighborhood, or ZIP overlap found",Medium,No Clear Match
04025-93-15-00140,No Clear Match,Low,,Unknown,Unknown,Unknown,Unknown,Unknown,Unknown,Unknown,"No specific street, corridor, neighborhood, or ZIP overlap found",Medium,No Clear Match
37425-04-21-00950,No Clear Match,Low,,Unknown,Unknown,Unknown,Unknown,Unknown,Unknown,Unknown,"No specific street, corridor, neighborhood, or ZIP overlap found",Medium,No Clear Match
26275-93-09-07670,No Clear Match,Low,,Unknown,Unknown,Unknown,Unknown,Unknown,Unknown,Unknown,"No specific street, corridor, neighborhood, or ZIP overlap found",Medium,No Clear Match
77200-94-21-16190,No Clear Match,Low,,Unknown,Unknown,Unknown,Unknown,Unknown,Unknown,Unknown,"No specific street, corridor, neighborhood, or ZIP overlap found",Medium,No Clear Match
61000-14-31-00520,No Clear Match,Low,,Unknown,Unknown,Unknown,Unknown,Unknown,Unknown,Unknown,"No specific street, corridor, neighborhood, or ZIP overlap found",Medium,No Clear Match
22350-93-31-06310,No Clear Match,Low,,Unknown,Unknown,Unknown,Unknown,Unknown,Unknown,Unknown,"No specific street, corridor, neighborhood, or ZIP overlap found",Medium,No Clear Match
90308-03-08-08590,No Clear Match,Low,,Unknown,Unknown,Unknown,Unknown,Unknown,Unknown,Unknown,"No specific street, corridor, neighborhood, or ZIP overlap found",Medium,No Clear Match
81210-84-15-63180,No Clear Match,Low,,Unknown,Unknown,Unknown,Unknown,Unknown,Unknown,Unknown,"No specific street, corridor, neighborhood, or ZIP overlap found",Medium,No Clear Match
55200-91-10-03090,No Clear Match,Invalid Weak Match,Weak match removed; previous match was based on generic location wording.,Unknown,Unknown,Unknown,Unknown,Unknown,Unknown,Unknown,Weak generic overlap only: TULSA,Medium,Strong Match
18950-93-33-02280,No Clear Match,Low,,Unknown,Unknown,Unknown,Unknown,Unknown,Unknown,Unknown,"No specific street, corridor, neighborhood, or ZIP overlap found",Medium,No Clear Match
12145-94-09-42810,No Clear Match,Low,,Unknown,Unknown,Unknown,Unknown,Unknown,Unknown,Unknown,"No specific street, corridor, neighborhood, or ZIP overlap found",Medium,No Clear Match
91236-12-36-47530,Strong Match,High,,Tulsa Market District,Tulsa Market District / NOMA residential hub,Multifamily / Mixed-use neighborhood hub,High,https://partnertulsa.org/community-partner-profile-how-noma-is-creating-community-along-the-mother-road/,Community Partner Profile: How NOMA is Creating Community Along the Mother Road - PartnerTulsa,"NOMA added a 256-unit residential hub in the Tulsa Market District along Route 66 and was described as part of a broader effort to revitalize vacant spaces, improve walkability, and support new commercial activity in the corridor.",Specific street/corridor overlap: PEORIA,High,Strong Match
38125-92-27-17970,No Clear Match,Low,,Unknown,Unknown,Unknown,Unknown,Unknown,Unknown,Unknown,"No specific street, corridor, neighborhood, or ZIP overlap found",Medium,No Clear Match
78260-84-12-00420,No Clear Match,Low,,Unknown,Unknown,Unknown,Unknown,Unknown,Unknown,Unknown,"No specific street, corridor, neighborhood, or ZIP overlap found",Medium,No Clear Match
85240-72-13-61990,No Clear Match,Low,,Unknown,Unknown,Unknown,Unknown,Unknown,Unknown,Unknown,"No specific street, corridor, neighborhood, or ZIP overlap found",Medium,No Clear Match
43800-93-04-19590,No Clear Match,Low,,Unknown,Unknown,Unknown,Unknown,Unknown,Unknown,Unknown,"No specific street, corridor, neighborhood, or ZIP overlap found",Medium,No Clear Match
47075-93-30-12810,No Clear Match,Low,,Unknown,Unknown,Unknown,Unknown,Unknown,Unknown,Unknown,"No specific street, corridor, neighborhood, or ZIP overlap found",Medium,No Clear Match
42675-93-02-15780,No Clear Match,Low,,Unknown,Unknown,Unknown,Unknown,Unknown,Unknown,Unknown,"No specific street, corridor, neighborhood, or ZIP overlap found",Medium,No Clear Match
74850-94-19-17270,No Clear Match,Low,,Unknown,Unknown,Unknown,Unknown,Unknown,Unknown,Unknown,"No specific street, corridor, neighborhood, or ZIP overlap found",Medium,No Clear Match
74955-94-20-02740,No Clear Match,Low,,Unknown,Unknown,Unknown,Unknown,Unknown,Unknown,Unknown,"No specific street, corridor, neighborhood, or ZIP overlap found",Medium,No Clear Match
07900-94-18-00140,No Clear Match,Low,,Unknown,Unknown,Unknown,Unknown,Unknown,Unknown,Unknown,"No specific street, corridor, neighborhood, or ZIP overlap found",Medium,No Clear Match
28725-92-34-02190,No Clear Match,Low,,Unknown,Unknown,Unknown,Unknown,Unknown,Unknown,Unknown,"No specific street, corridor, neighborhood, or ZIP overlap found",Medium,No Clear Match
49900-93-21-18650,No Clear Match,Low,,Unknown,Unknown,Unknown,Unknown,Unknown,Unknown,Unknown,"No specific street, corridor, neighborhood, or ZIP overlap found",Medium,No Clear Match
58000-73-25-00270,No Clear Match,Low,,Unknown,Unknown,Unknown,Unknown,Unknown,Unknown,Unknown,"No specific street, corridor, neighborhood, or ZIP overlap found",Medium,No Clear Match
