final_rank,parcel_id,owner_name,property_address,city,state,zip_code,confirmed_zip_code,bid_cost,legal_description,property_type,geocode_status,geocode_confidence,neighborhood_or_area,crime_risk_level,crime_risk_score,crime_confidence,crime_source,crime_data_date_range,median_household_income,poverty_rate,unemployment_rate,median_home_value,median_gross_rent,vacancy_rate,owner_occupied_rate,economic_risk_level,economic_strength_score,economic_confidence,economic_source,property_clarity_score,residential_likelihood_score,pre_ai_final_score,ai_area_adjusted_score,final_score,final_category,recommendation,reasoning_summary,crime_economic_summary,key_risks,missing_information,next_due_diligence_step,confidence_level,raw_text
1,80610-84-11-13900,Unknown,802 N CEDAR AV W,Broken Arrow,OK,Unknown,74012,1083.22,LTS 13 14 BLK 8,R IMP,Geocoded,High,Broken Arrow Census Tract 7402,Medium,4.2,Low,NeighborhoodScout city-level crime page (low-confidence proxy),2021 city-level page,70462.0,0.0921,0.0503,162000.0,1305.0,0.1242,0.3908,Low,7.42,High,ACS 2024 5-year via Census Reporter API (Tract-level),10.0,8.5,8.01,8.01,7.76,Top Candidate,Research First,Bid cost 1083.22 for parcel 80610-84-11-13900 at 802 N CEDAR AV W stays in Top Candidate because crime risk is Medium and median household income 70462.0; fallback confidence is High.,Crime signal is Medium with Low confidence. Economic risk is Low with High confidence.,Crime context is low-confidence and city-level only.,Fallback used: Reasoning summary missing required concrete fields.,"Verify assessor details, title/liens, street-level condition, and whether the parcel is practically usable before bidding.",High,"1205 80610-84-11-13900 802 N CEDAR AV W 7,000 R IMP 1,083.22 332.25 | LTS 13 14 BLK 8 CITY OF BROKEN ARROW | NORTH SIDE ADDN"
2,63725-12-13-01480,Unknown,115 N FRANKFORT AV E,City Of Sperry,OK,Unknown,74073,1303.24,LT 2 BLK 6,R IMP,Geocoded,High,Sperry Census Tract 5600,Unknown,Unknown.,Unknown,Unknown.,Unknown.,60216.0,0.1684,0.0544,164800.0,984.0,0.1574,0.7757,Low,7.58,High,ACS 2024 5-year via Census Reporter API (Tract-level),10.0,8.5,7.52,7.52,7.52,Top Candidate,Drive By,Bid cost 1303.24 for parcel 63725-12-13-01480 at 115 N FRANKFORT AV E stays in Manual Review Candidate because crime risk is Unknown and median household income 60216.0; fallback confidence is Medium.,Crime signal is Unknown with Unknown confidence. Economic risk is Low with High confidence.,No major pre-AI risk beyond normal tax-auction due diligence.,Fallback used: Reasoning summary missing required concrete fields.,"Verify assessor details, title/liens, street-level condition, and whether the parcel is practically usable before bidding.",Medium,"1140 63725-12-13-01480 115 N FRANKFORT AV E 8,960 R IMP 1,303.24 316.50 | LT 2 BLK 6 CITY OF SPERRY | LOLLAR ADDN"
3,52625-92-28-06480,Unknown,4311 W 43 ST S,Unknown,OK,Unknown,74107,1294.53,PRT BLK 8 BEG NWC TH E123.5 SWLY100 W TO PT TULSA COUNTY,R IMP,Geocoded,High,Tulsa Census Tract 4700,High,1.7,Low,NeighborhoodScout city-level crime page (low-confidence proxy),2021 city-level page,57845.0,0.1418,0.0363,105700.0,1092.0,0.0698,0.6726,Low,8.33,High,ACS 2024 5-year via Census Reporter API (Tract-level),10.0,8.5,7.43,7.43,6.18,Risky / Needs Verification,Drive By,Bid cost 1294.53 for parcel 52625-92-28-06480 at 4311 W 43 ST S stays in Manual Review Candidate because crime risk is High and median household income 57845.0; fallback confidence is High.,Crime signal is High with Low confidence. Economic risk is Low with High confidence.,Area-level crime proxy is high risk. Crime context is low-confidence and city-level only.,Fallback used: Reasoning summary missing required concrete fields.,"Verify assessor details, title/liens, street-level condition, and whether the parcel is practically usable before bidding.",High,"946 52625-92-28-06480 4311 W 43 ST S 32,027 R IMP 1,294.53 332.25 | PRT BLK 8 BEG NWC TH E123.5 SWLY100 W TO PT TULSA COUNTY | S206.2 W100 N306.2 POB"
4,00900-02-35-00210,Unknown,1141 N BOSTON PL E,Tulsa,OK,Unknown,74106,1197.21,LT 21 BLK 1,R IMP,Geocoded,High,Tulsa Census Tract 900,High,1.7,Low,NeighborhoodScout city-level crime page (low-confidence proxy),2021 city-level page,75179.0,0.1487,0.0527,178600.0,1323.0,0.1331,0.707,Low,8.0,High,ACS 2024 5-year via Census Reporter API (Tract-level),10.0,8.5,7.4,7.2,6.07,Risky / Needs Verification,Drive By,"The parcel at 1141 N BOSTON PL E, Tulsa (confirmed ZIP 74106) with a bid cost of 1197.21 has strong data quality (high property clarity and geocoding scores) and sits in a tract with solid economic indicators (median household income ~75k, relatively low unemployment, decent owner-occupancy). These factors support potential value at a low entry price. However, the only crime data available is a city-level proxy for Tulsa that indicates high crime risk, and there is no parcel-specific or 0.5-mile incident data. Because the crime signal is both negative and low-confidence, the property should not be auto-promoted but is still reasonable to keep in a Top 50 watchlist for deeper review.","Crime: City-level proxy for Tulsa shows high crime risk (NeighborhoodScout odds ~1 in 107 for violent crime and ~1 in 22 for property crime; Tulsa safer than only about 2% of U.S. cities). This is not parcel-specific and is low-confidence for this exact location, but it flags a meaningful safety concern. Economics: Census tract 900 shows relatively strong fundamentals for the area—median household income around 75,179 USD, poverty rate about 14.9%, unemployment about 5.3%, median home value about 178,600 USD, median gross rent about 1,323 USD, vacancy around 13.3%, and owner-occupied rate about 70.7%. These tract-level numbers suggest a reasonably stable housing market context despite the broader city crime concerns.","1) High city-level crime risk with no parcel- or neighborhood-specific incident data; 2) Unknown current property condition and occupancy for this R IMP parcel at a very low bid price, which may signal deferred maintenance or title/possession complications; 3) ZIP originally unknown and only later confirmed as 74106, indicating some initial data gaps; 4) Neighborhood-specific dynamics within Tulsa Census Tract 900 are not detailed, so block-level desirability and tenant quality are uncertain.","1) Parcel-level or 0.5-mile crime incident counts and recent trends; 2) On-the-ground property condition (structure integrity, repairs needed, signs of vacancy or vandalism); 3) Current occupancy/tenancy status and any visible encroachments; 4) Exact zoning/land-use constraints beyond the generic R IMP type; 5) Recent comparable sales and rents near 1141 N BOSTON PL E within the same tract; 6) Any code violations, liens, or demolition/condemnation history tied to this parcel.","Obtain parcel- or neighborhood-level crime and nuisance data (police incident logs or city open-data, if available) for the immediate area around 1141 N BOSTON PL E, then pair that with a drive-by or street-level imagery review to assess property condition, signs of occupancy, and block quality. If crime and condition appear acceptable relative to the low bid cost of 1197.21, follow with a check of county records for code violations, liens, and any demolition or condemnation actions before deciding whether it should remain in the final Top 50.",Medium,"10 00900-02-35-00210 1141 N BOSTON PL E 6,900 R IMP 1,197.21 332.25 | LT 21 BLK 1 CITY OF TULSA | ADAMS RESUB B1 THE POUDER AND POMEROY"
5,24925-02-36-17420,Unknown,1084 N NORFOLK AV E,Tulsa,OK,Unknown,74106,1199.79,LT 1 BLK 3,R HS IMP,Geocoded,High,Tulsa Census Tract 1200,High,1.7,Low,NeighborhoodScout city-level crime page (low-confidence proxy),2021 city-level page,60379.0,0.176,0.0633,86400.0,964.0,0.2185,0.5092,Medium,6.5,High,ACS 2024 5-year via Census Reporter API (Tract-level),10.0,9.0,7.17,7.17,5.92,Risky / Needs Verification,Drive By,Bid cost 1199.79 for parcel 24925-02-36-17420 at 1084 N NORFOLK AV E stays in Manual Review Candidate because crime risk is High and median household income 60379.0; fallback confidence is High.,Crime signal is High with Low confidence. Economic risk is Medium with High confidence.,Area-level crime proxy is high risk. Crime context is low-confidence and city-level only.,Fallback used: Reasoning summary missing required concrete fields.,"Verify assessor details, title/liens, street-level condition, and whether the parcel is practically usable before bidding.",High,"383 24925-02-36-17420 1084 N NORFOLK AV E 5,000 R HS IMP 1,199.79 395.25 | LT 1 BLK 3 CITY OF TULSA | MANN'S ADDN"
6,24675-03-31-13180,Unknown,1427 N ST LOUIS AV E,Tulsa,OK,Unknown,74106,1003.06,LT-15-BLK-1,R HS IMP,Geocoded,High,Tulsa Census Tract 1200,High,1.7,Low,NeighborhoodScout city-level crime page (low-confidence proxy),2021 city-level page,60379.0,0.176,0.0633,86400.0,964.0,0.2185,0.5092,Medium,6.5,High,ACS 2024 5-year via Census Reporter API (Tract-level),10.0,9.0,7.23,7.0,5.89,Risky / Needs Verification,Drive By,"The parcel at 1427 N ST LOUIS AV E, Tulsa, OK 74106, with a bid cost of 1003.06, has strong property clarity and geocoding plus a high likelihood of being residential (R HS IMP). The tract-level economics are moderate: median household income around 60k, median home value about 86k, and a relatively high vacancy rate (~21.9%) with just over half of units owner-occupied. These support potential affordability and rental demand but also signal some neighborhood instability. The main negative is crime: the only available data is a city-level proxy for Tulsa indicating high crime risk, and this is low-confidence and not parcel-specific. Given the combination of good data quality, moderate economic context, and high but uncertain crime risk, the property remains a Manual Review Candidate rather than a clear Top Candidate.","Crime: City-level proxy for Tulsa indicates high crime risk (NeighborhoodScout odds ~1 in 107 for violent crime and ~1 in 22 for property crime; Tulsa reportedly safer than only about 2% of U.S. cities). However, this is low-confidence, city-wide data and not specific to the 0.5-mile area around the parcel. Economics: Census tract 1200 shows median household income of about 60,379, poverty rate of 17.6%, unemployment around 6.3%, median home value about 86,400, median gross rent about 964, vacancy rate about 21.85%, and owner-occupancy around 50.9%. This points to a working-class area with moderate economic strength but elevated vacancy and only moderate owner-occupancy, consistent with some investment potential but also higher neighborhood risk.","1) High crime risk at the city level with no reliable parcel- or neighborhood-level incident data; 2) Elevated vacancy rate (~21.9%) in the tract, which may reflect weaker housing demand or neighborhood distress; 3) Only about half of units are owner-occupied, suggesting more transient tenancy and potentially less neighborhood stability; 4) Owner name is unknown in the provided data, which may complicate title or redemption research; 5) ZIP and crime data are partially inferred or proxy-based, increasing uncertainty about true local conditions.","1) Parcel-level or at least sub-mile crime incident counts and trends; 2) Current physical condition of the structure at 1427 N ST LOUIS AV E (occupancy, visible damage, code violations); 3) Detailed title history, liens, and any municipal liens or special assessments; 4) Current market rent and recent sale comps specific to this micro-area of 74106; 5) Confirmation of utilities, access, and any zoning or code enforcement issues tied to this specific lot and improvement.","Obtain parcel-level crime and code-enforcement records for 1427 N ST LOUIS AV E (or at least a tight-radius incident search), then perform a drive-by or recent-street-imagery review to assess property condition and occupancy. In parallel, pull a title report and check for liens or demolition orders. If crime and condition are acceptable relative to the low bid cost (~$1,003), then compare local rent and sale comps to refine whether it merits promotion into the Top 50.",Medium,"380 24675-03-31-13180 1427 N ST LOUIS AV E 7,250 R HS IMP 1,003.06 332.25 | LT-15-BLK-1 CITY OF TULSA | MAGIC CITY ADDN"
7,47100-03-31-17080,Unknown,1229 N ROCKFORD AV E,Tulsa,OK,Unknown,74106,1222.54,LT-13-BLK-1,R IMP,Geocoded,High,Tulsa Census Tract 1200,High,1.7,Low,NeighborhoodScout city-level crime page (low-confidence proxy),2021 city-level page,60379.0,0.176,0.0633,86400.0,964.0,0.2185,0.5092,Medium,6.5,High,ACS 2024 5-year via Census Reporter API (Tract-level),10.0,8.5,7.09,7.09,5.84,Risky / Needs Verification,Drive By,Bid cost 1222.54 for parcel 47100-03-31-17080 at 1229 N ROCKFORD AV E stays in Manual Review Candidate because crime risk is High and median household income 60379.0; fallback confidence is High.,Crime signal is High with Low confidence. Economic risk is Medium with High confidence.,Area-level crime proxy is high risk. Crime context is low-confidence and city-level only.,Fallback used: Reasoning summary missing required concrete fields.,"Verify assessor details, title/liens, street-level condition, and whether the parcel is practically usable before bidding.",High,"919 47100-03-31-17080 1229 N ROCKFORD AV E 6,075 R IMP 1,222.54 332.25 | LT-13-BLK-1 CITY OF TULSA | WILDMAN'S ADDN"
8,15275-03-19-03980,Unknown,2819 N YORKTOWN AV E,Tulsa,OK,Unknown,74110,1131.88,LT 10 BLK 2,R IMP,Geocoded,High,Tulsa Census Tract 200,High,1.7,Low,NeighborhoodScout city-level crime page (low-confidence proxy),2021 city-level page,44485.0,0.1962,0.1729,121800.0,1054.0,0.1585,0.7373,Medium,6.33,High,ACS 2024 5-year via Census Reporter API (Tract-level),10.0,8.5,7.08,7.08,5.83,Risky / Needs Verification,Drive By,Bid cost 1131.88 for parcel 15275-03-19-03980 at 2819 N YORKTOWN AV E stays in Manual Review Candidate because crime risk is High and median household income 44485.0; fallback confidence is High.,Crime signal is High with Low confidence. Economic risk is Medium with High confidence.,Area-level crime proxy is high risk. Crime context is low-confidence and city-level only.,Fallback used: Reasoning summary missing required concrete fields.,"Verify assessor details, title/liens, street-level condition, and whether the parcel is practically usable before bidding.",High,"217 15275-03-19-03980 2819 N YORKTOWN AV E 7,020 R IMP 1,131.88 332.25 | LT 10 BLK 2 CITY OF TULSA | FRED THOMPSON ADDN"
9,25575-03-19-05190,Unknown,2735 N QUINCY AV E,Tulsa,OK,Unknown,74106,1147.21,LT 4 BLK 2,R IMP,Geocoded,High,Tulsa Census Tract 200,High,1.7,Low,NeighborhoodScout city-level crime page (low-confidence proxy),2021 city-level page,44485.0,0.1962,0.1729,121800.0,1054.0,0.1585,0.7373,Medium,6.33,High,ACS 2024 5-year via Census Reporter API (Tract-level),10.0,8.5,7.08,7.08,5.83,Risky / Needs Verification,Drive By,Bid cost 1147.21 for parcel 25575-03-19-05190 at 2735 N QUINCY AV E stays in Manual Review Candidate because crime risk is High and median household income 44485.0; fallback confidence is High.,Crime signal is High with Low confidence. Economic risk is Medium with High confidence.,Area-level crime proxy is high risk. Crime context is low-confidence and city-level only.,Fallback used: Reasoning summary missing required concrete fields.,"Verify assessor details, title/liens, street-level condition, and whether the parcel is practically usable before bidding.",High,"402 25575-03-19-05190 2735 N QUINCY AV E 7,000 R IMP 1,147.21 316.50 | LT 4 BLK 2 CITY OF TULSA | MARTIN ROLL ADDN"
10,24475-92-04-07370,Unknown,3820 W ADMIRAL BV S,Tulsa,OK,Unknown,74127,1042.31,LT 12,R IMP,Geocoded,High,Tulsa Census Tract 3000,High,1.7,Low,NeighborhoodScout city-level crime page (low-confidence proxy),2021 city-level page,39786.0,0.2406,0.0629,83700.0,946.0,0.1222,0.5799,Medium,5.92,High,ACS 2024 5-year via Census Reporter API (Tract-level),10.0,8.5,7.03,7.03,5.78,Risky / Needs Verification,Drive By,Bid cost 1042.31 for parcel 24475-92-04-07370 at 3820 W ADMIRAL BV S stays in Manual Review Candidate because crime risk is High and median household income 39786.0; fallback confidence is High.,Crime signal is High with Low confidence. Economic risk is Medium with High confidence.,Area-level crime proxy is high risk. Crime context is low-confidence and city-level only.,Fallback used: Reasoning summary missing required concrete fields.,"Verify assessor details, title/liens, street-level condition, and whether the parcel is practically usable before bidding.",High,"378 24475-92-04-07370 3820 W ADMIRAL BV S 14,600 R IMP 1,042.31 348.00 | LT 12 CITY OF TULSA | MADISIN ACRES ADDN"
11,40925-92-26-01220,Unknown,4744 S TACOMA AV W,Tulsa,OK,Unknown,74107,1458.03,LOT 7 BLK 3,R HS IMP,Geocoded,High,Tulsa Census Tract 4900,High,1.7,Low,NeighborhoodScout city-level crime page (low-confidence proxy),2021 city-level page,43750.0,0.2723,0.1164,109600.0,928.0,0.1143,0.5806,Medium,6.08,High,ACS 2024 5-year via Census Reporter API (Tract-level),10.0,9.0,7.01,7.01,5.76,Risky / Needs Verification,Drive By,Bid cost 1458.03 for parcel 40925-92-26-01220 at 4744 S TACOMA AV W stays in Manual Review Candidate because crime risk is High and median household income 43750.0; fallback confidence is High.,Crime signal is High with Low confidence. Economic risk is Medium with High confidence.,Area-level crime proxy is high risk. Crime context is low-confidence and city-level only.,Fallback used: Reasoning summary missing required concrete fields.,"Verify assessor details, title/liens, street-level condition, and whether the parcel is practically usable before bidding.",High,"752 40925-92-26-01220 4744 S TACOMA AV W 17,600 R HS IMP 1,458.03 332.25 | LOT 7 BLK 3 CITY OF TULSA | SUBURBAN HIGHLANDS"
12,24925-02-36-17470,Unknown,1062 N NORFOLK AV E,Tulsa,OK,Unknown,74106,1497.18,LT 6 BLK 3,R IMP,Geocoded,High,Tulsa Census Tract 1200,High,1.7,Low,NeighborhoodScout city-level crime page (low-confidence proxy),2021 city-level page,60379.0,0.176,0.0633,86400.0,964.0,0.2185,0.5092,Medium,6.5,High,ACS 2024 5-year via Census Reporter API (Tract-level),10.0,8.5,7.01,7.01,5.76,Risky / Needs Verification,Drive By,Bid cost 1497.18 for parcel 24925-02-36-17470 at 1062 N NORFOLK AV E stays in Manual Review Candidate because crime risk is High and median household income 60379.0; fallback confidence is High.,Crime signal is High with Low confidence. Economic risk is Medium with High confidence.,Area-level crime proxy is high risk. Crime context is low-confidence and city-level only.,Fallback used: Reasoning summary missing required concrete fields.,"Verify assessor details, title/liens, street-level condition, and whether the parcel is practically usable before bidding.",High,"385 24925-02-36-17470 1062 N NORFOLK AV E 5,000 R IMP 1,497.18 348.00 | LT 6 BLK 3 CITY OF TULSA | MANN'S ADDN"
13,40875-02-13-11530,Unknown,210 E 44 ST N,Tulsa,OK,Unknown,74106,1184.93,LOT 18 BLK 6,R HS IMP,Geocoded,High,Tulsa Census Tract 8002,High,1.7,Low,NeighborhoodScout city-level crime page (low-confidence proxy),2021 city-level page,38750.0,0.2597,0.0733,76300.0,1129.0,0.167,0.6033,Medium,5.5,High,ACS 2024 5-year via Census Reporter API (Tract-level),10.0,9.0,6.98,6.98,5.73,Risky / Needs Verification,Drive By,Bid cost 1184.93 for parcel 40875-02-13-11530 at 210 E 44 ST N stays in Manual Review Candidate because crime risk is High and median household income 38750.0; fallback confidence is High.,Crime signal is High with Low confidence. Economic risk is Medium with High confidence.,Area-level crime proxy is high risk. Crime context is low-confidence and city-level only.,Fallback used: Reasoning summary missing required concrete fields.,"Verify assessor details, title/liens, street-level condition, and whether the parcel is practically usable before bidding.",High,"751 40875-02-13-11530 210 E 44 ST N 7,200 R HS IMP 1,184.93 316.50 | LOT 18 BLK 6 CITY OF TULSA | SUBURBAN ACRES FOURTH ADDN"
14,37225-93-16-14530,Unknown,4021 E 28 ST S,Tulsa,OK,Unknown,74114,1437.18,LOT 1 BLK 2,R,Geocoded,High,Tulsa Census Tract 3900,High,1.7,Low,NeighborhoodScout city-level crime page (low-confidence proxy),2021 city-level page,75078.0,0.0701,0.0695,183200.0,1191.0,0.1515,0.4981,Low,7.5,High,ACS 2024 5-year via Census Reporter API (Tract-level),10.0,6.5,6.92,6.92,5.67,Risky / Needs Verification,Drive By,Bid cost 1437.18 for parcel 37225-93-16-14530 at 4021 E 28 ST S stays in Manual Review Candidate because crime risk is High and median household income 75078.0; fallback confidence is High.,Crime signal is High with Low confidence. Economic risk is Low with High confidence.,Area-level crime proxy is high risk. Crime context is low-confidence and city-level only.,Fallback used: Reasoning summary missing required concrete fields.,"Verify assessor details, title/liens, street-level condition, and whether the parcel is practically usable before bidding.",High,"637 37225-93-16-14530 4021 E 28 ST S 9,289 R 1,437.18 318.00 | LOT 1 BLK 2 CITY OF TULSA | SANTA MONICA ADDN RESUB PRT B2-3 EXPOSITION"
15,25800-03-32-09470,Unknown,1434 N EVANSTON AV E,Tulsa,OK,Unknown,74110,1026.56,LT 7 BLK 4,R IMP,Geocoded,High,Tulsa Census Tract 1400,High,1.7,Low,NeighborhoodScout city-level crime page (low-confidence proxy),2021 city-level page,44820.0,0.2764,0.1213,74000.0,959.0,0.1315,0.5476,Medium,5.25,High,ACS 2024 5-year via Census Reporter API (Tract-level),10.0,8.5,6.9,6.9,5.65,Risky / Needs Verification,Drive By,Bid cost 1026.56 for parcel 25800-03-32-09470 at 1434 N EVANSTON AV E stays in Manual Review Candidate because crime risk is High and median household income 44820.0; fallback confidence is High.,Crime signal is High with Low confidence. Economic risk is Medium with High confidence.,Area-level crime proxy is high risk. Crime context is low-confidence and city-level only.,Fallback used: Reasoning summary missing required concrete fields.,"Verify assessor details, title/liens, street-level condition, and whether the parcel is practically usable before bidding.",High,"411 25800-03-32-09470 1434 N EVANSTON AV E 7,830 R IMP 1,026.56 332.25 | LT 7 BLK 4 CITY OF TULSA | MARYLAND HGTS ADDN"
16,26725-02-25-16640,Unknown,515 E UTE ST N,Tulsa,OK,Unknown,74106,1216.55,S.112' LOT 18-BLK-1,R HS IMP,Geocoded,High,Tulsa Census Tract 11400,High,1.7,Low,NeighborhoodScout city-level crime page (low-confidence proxy),2021 city-level page,39063.0,0.3162,0.1408,125000.0,855.0,0.1725,0.4798,Medium,5.17,High,ACS 2024 5-year via Census Reporter API (Tract-level),10.0,9.0,6.9,6.9,5.65,Risky / Needs Verification,Drive By,Bid cost 1216.55 for parcel 26725-02-25-16640 at 515 E UTE ST N stays in Manual Review Candidate because crime risk is High and median household income 39063.0; fallback confidence is High.,Crime signal is High with Low confidence. Economic risk is Medium with High confidence.,Area-level crime proxy is high risk. Crime context is low-confidence and city-level only.,Fallback used: Reasoning summary missing required concrete fields.,"Verify assessor details, title/liens, street-level condition, and whether the parcel is practically usable before bidding.",High,"417 26725-02-25-16640 515 E UTE ST N 6,720 R HS IMP 1,216.55 348.00 | S.112' LOT 18-BLK-1 CITY OF TULSA | MEADOWBROOK ADDN"
17,29650-03-07-03650,Unknown,1355 E 53 ST N,Tulsa,OK,Unknown,74126,1001.89,LT 32 BLK 2,R IMP,Geocoded,High,Tulsa Census Tract 5700,High,1.7,Low,NeighborhoodScout city-level crime page (low-confidence proxy),2021 city-level page,43000.0,0.2655,0.114,74400.0,1193.0,0.1914,0.6763,Medium,5.17,High,ACS 2024 5-year via Census Reporter API (Tract-level),10.0,8.5,6.89,6.89,5.64,Risky / Needs Verification,Drive By,Bid cost 1001.89 for parcel 29650-03-07-03650 at 1355 E 53 ST N stays in Manual Review Candidate because crime risk is High and median household income 43000.0; fallback confidence is High.,Crime signal is High with Low confidence. Economic risk is Medium with High confidence.,Area-level crime proxy is high risk. Crime context is low-confidence and city-level only.,Fallback used: Reasoning summary missing required concrete fields.,"Verify assessor details, title/liens, street-level condition, and whether the parcel is practically usable before bidding.",High,"517 29650-03-07-03650 1355 E 53 ST N 7,200 R IMP 1,001.89 458.25 | LT 32 BLK 2 CITY OF TULSA | NORTHRIDGE ADDN"
18,29650-03-07-06380,Unknown,4936 N ST LOUIS AV E,Tulsa,OK,Unknown,74126,1257.12,LT 17 BLK 10,R HS IMP,Geocoded,High,Tulsa Census Tract 5700,High,1.7,Low,NeighborhoodScout city-level crime page (low-confidence proxy),2021 city-level page,43000.0,0.2655,0.114,74400.0,1193.0,0.1914,0.6763,Medium,5.17,High,ACS 2024 5-year via Census Reporter API (Tract-level),10.0,9.0,6.89,6.89,5.64,Risky / Needs Verification,Drive By,Bid cost 1257.12 for parcel 29650-03-07-06380 at 4936 N ST LOUIS AV E stays in Manual Review Candidate because crime risk is High and median household income 43000.0; fallback confidence is High.,Crime signal is High with Low confidence. Economic risk is Medium with High confidence.,Area-level crime proxy is high risk. Crime context is low-confidence and city-level only.,Fallback used: Reasoning summary missing required concrete fields.,"Verify assessor details, title/liens, street-level condition, and whether the parcel is practically usable before bidding.",High,"526 29650-03-07-06380 4936 N ST LOUIS AV E 8,662 R HS IMP 1,257.12 316.50 | LT 17 BLK 10 CITY OF TULSA | NORTHRIDGE ADDN"
19,52500-03-06-00190,Unknown,2307 E 56 ST N,Unknown,OK,Unknown,74130,1326.96,LT 5 BLK 2 TULSA COUNTY,R HS IMP,Geocoded,High,Tulsa Census Tract 9104,High,1.7,Low,NeighborhoodScout city-level crime page (low-confidence proxy),2021 city-level page,46534.0,0.2432,0.1085,66400.0,1103.0,0.2017,0.6459,Medium,5.25,High,ACS 2024 5-year via Census Reporter API (Tract-level),10.0,9.0,6.88,6.88,5.63,Risky / Needs Verification,Drive By,Bid cost 1326.96 for parcel 52500-03-06-00190 at 2307 E 56 ST N stays in Manual Review Candidate because crime risk is High and median household income 46534.0; fallback confidence is High.,Crime signal is High with Low confidence. Economic risk is Medium with High confidence.,Area-level crime proxy is high risk. Crime context is low-confidence and city-level only.,Fallback used: Reasoning summary missing required concrete fields.,"Verify assessor details, title/liens, street-level condition, and whether the parcel is practically usable before bidding.",High,"943 52500-03-06-00190 2307 E 56 ST N 18,900 R HS IMP 1,326.96 316.50 | LT 5 BLK 2 TULSA COUNTY | BELFLOWER HGTS"
20,18725-92-27-12650,Unknown,4532 S VANCOUVER AV W,Tulsa,OK,Unknown,74107,1071.89,LOT-8-BLK-7,R,Geocoded,High,Tulsa Census Tract 4800,High,1.7,Low,NeighborhoodScout city-level crime page (low-confidence proxy),2021 city-level page,53495.0,0.2534,0.0677,97400.0,1188.0,0.1019,0.5688,Medium,6.17,High,ACS 2024 5-year via Census Reporter API (Tract-level),10.0,6.5,6.77,6.77,5.52,Risky / Needs Verification,Drive By,Bid cost 1071.89 for parcel 18725-92-27-12650 at 4532 S VANCOUVER AV W stays in Manual Review Candidate because crime risk is High and median household income 53495.0; fallback confidence is High.,Crime signal is High with Low confidence. Economic risk is Medium with High confidence.,Area-level crime proxy is high risk. Crime context is low-confidence and city-level only.,Fallback used: Reasoning summary missing required concrete fields.,"Verify assessor details, title/liens, street-level condition, and whether the parcel is practically usable before bidding.",High,"269 18725-92-27-12650 4532 S VANCOUVER AV W 7,200 R 1,071.89 318.00 | LOT-8-BLK-7 CITY OF TULSA | HILLDALE ADDN"
21,05400-02-25-04330,Unknown,524 E YOUNG ST N,Tulsa,OK,Unknown,74106,1418.58,LT 8 BLK 3,R IMP,Geocoded,High,Tulsa Census Tract 11400,High,1.7,Low,NeighborhoodScout city-level crime page (low-confidence proxy),2021 city-level page,39063.0,0.3162,0.1408,125000.0,855.0,0.1725,0.4798,Medium,5.17,High,ACS 2024 5-year via Census Reporter API (Tract-level),10.0,8.5,6.76,6.76,5.51,Risky / Needs Verification,Drive By,Bid cost 1418.58 for parcel 05400-02-25-04330 at 524 E YOUNG ST N stays in Manual Review Candidate because crime risk is High and median household income 39063.0; fallback confidence is High.,Crime signal is High with Low confidence. Economic risk is Medium with High confidence.,Area-level crime proxy is high risk. Crime context is low-confidence and city-level only.,Fallback used: Reasoning summary missing required concrete fields.,"Verify assessor details, title/liens, street-level condition, and whether the parcel is practically usable before bidding.",High,"75 05400-02-25-04330 524 E YOUNG ST N 6,720 R IMP 1,418.58 332.25 | LT 8 BLK 3 CITY OF TULSA | BROOKDALE INVESTMENT CO'S RESUB PT B1-4"
22,34425-02-25-22000,Unknown,2120 N FRANKFORT PL E,Tulsa,OK,Unknown,74106,1429.85,LOT-11-BLK-3,R IMP,Geocoded,High,Tulsa Census Tract 11400,High,1.7,Low,NeighborhoodScout city-level crime page (low-confidence proxy),2021 city-level page,39063.0,0.3162,0.1408,125000.0,855.0,0.1725,0.4798,Medium,5.17,High,ACS 2024 5-year via Census Reporter API (Tract-level),10.0,8.5,6.76,6.76,5.51,Risky / Needs Verification,Drive By,Bid cost 1429.85 for parcel 34425-02-25-22000 at 2120 N FRANKFORT PL E stays in Manual Review Candidate because crime risk is High and median household income 39063.0; fallback confidence is High.,Crime signal is High with Low confidence. Economic risk is Medium with High confidence.,Area-level crime proxy is high risk. Crime context is low-confidence and city-level only.,Fallback used: Reasoning summary missing required concrete fields.,"Verify assessor details, title/liens, street-level condition, and whether the parcel is practically usable before bidding.",High,"600 34425-02-25-22000 2120 N FRANKFORT PL E 6,325 R IMP 1,429.85 395.25 | LOT-11-BLK-3 CITY OF TULSA | REEDLAWN ADDN"
23,40800-02-13-06680,Unknown,4213 N IROQUOIS AV E,Tulsa,OK,Unknown,74106,1416.75,LT 25 BK 7,R IMP,Geocoded,High,Tulsa Census Tract 8002,High,1.7,Low,NeighborhoodScout city-level crime page (low-confidence proxy),2021 city-level page,38750.0,0.2597,0.0733,76300.0,1129.0,0.167,0.6033,Medium,5.5,High,ACS 2024 5-year via Census Reporter API (Tract-level),10.0,8.5,6.83,6.4,5.41,Risky / Needs Verification,Drive By,"The parcel at 4213 N IROQUOIS AV E in Tulsa has strong data clarity (property clarity 10.0, good geocode) and appears residential (R IMP) at a low bid cost of 1416.75, which fits the $1,000–$1,500 target. However, the area is flagged as high crime risk based on a low-confidence, city-level proxy for Tulsa, and the tract-level economics show modest median income (~$38.7k), relatively low home values (~$76.3k), and a fairly high vacancy rate (16.7%). These factors suggest a weaker neighborhood with elevated risk and limited value upside, but not so poor as to automatically discard. Overall, the property is suitable for manual review but not strong enough on area quality and risk to be a clear Top 50 candidate at this stage.","Crime: City-level proxy for Tulsa indicates high crime risk (Crime Risk Score 1.7, city reportedly safer than only about 2% of U.S. cities, violent-crime odds ~1 in 107, property-crime odds ~1 in 22). This is not parcel-specific and is low-confidence, but it still signals a generally high-crime environment. Economics: The census tract has a median household income of about 38,750, a poverty rate of 25.97%, and unemployment of 7.33%, all pointing to economic stress. Median home value is low at about 76,300, with median gross rent around 1,129 and a vacancy rate of 16.7%. Owner-occupancy is moderate at 60.33%. Overall, the tract is economically weaker but not the worst, with medium risk and high-confidence data.","1) High crime environment based on city-level data, with no parcel-level incident counts to refine risk. 2) Economically stressed tract: relatively low incomes, high poverty, and elevated unemployment may limit appreciation and tenant quality. 3) High vacancy rate (16.7%) suggests potential difficulty maintaining occupancy or neighborhood stability. 4) Very low median home value (~76k) may cap resale potential and limit margin even at a low bid price. 5) Owner name is unknown and property condition is completely unverified, which is critical for an improved residential parcel (R IMP).","1) No parcel-level or 0.5-mile crime incident data; only a coarse city-level proxy. 2) No information on structure type, size, year built, or current physical condition. 3) No confirmation of current occupancy status (vacant vs. occupied). 4) No data on code violations, liens beyond the tax issue, or demolition/condemnation history. 5) No recent sales comps or rent comps specific to this block or immediate area.","Obtain parcel-specific information: verify current structure condition and occupancy (drive-by photos or local contact), check Tulsa city records for code violations or condemnation, and pull very local sales and rent comps around 4213 N IROQUOIS AV E to see if the low bid cost aligns with realistic resale or rental values in this high-crime, lower-value tract.",Medium,"720 40800-02-13-06680 4213 N IROQUOIS AV E 9,100 R IMP 1,416.75 316.50 | LT 25 BK 7 CITY OF TULSA | SUBURBAN ACRES AMD"
24,40875-02-13-11410,Unknown,257 E 43 ST N,Tulsa,OK,Unknown,74106,1445.45,LOT 6 BLK 6,R IMP,Geocoded,High,Tulsa Census Tract 8002,High,1.7,Low,NeighborhoodScout city-level crime page (low-confidence proxy),2021 city-level page,38750.0,0.2597,0.0733,76300.0,1129.0,0.167,0.6033,Medium,5.5,High,ACS 2024 5-year via Census Reporter API (Tract-level),10.0,8.5,6.82,6.4,5.4,Risky / Needs Verification,Drive By,"The property at 257 E 43 ST N, Tulsa (confirmed ZIP 74106) has strong data clarity and high residential likelihood, and the bid cost of 1445.45 is aligned with the target range. However, the area shows high crime risk based on a low-confidence city-level proxy and only moderate economic strength (low median home value and relatively high poverty). These factors prevent it from being a clear Top Candidate, but the low acquisition cost and solid data quality justify keeping it as a Manual Review Candidate rather than discarding it outright.","Crime: City-level proxy for Tulsa indicates high crime risk (Crime Risk Score 1.7, city reportedly safer than only about 2% of U.S. cities, with violent-crime odds around 1 in 107 and property-crime odds around 1 in 22). This is not parcel- or neighborhood-specific and is low-confidence, but it still flags elevated risk. Economics: Census tract 8002 shows medium economic strength with median household income of 38,750, poverty rate about 25.97%, unemployment about 7.33%, and median home value around 76,300. Owner-occupancy is relatively solid at about 60.33%, but vacancy is elevated at about 16.7%. Overall, the tract suggests a lower-value, working-class area with meaningful economic stress but not extreme distress.","1) High crime risk based on city-level data for Tulsa, with no reliable parcel-level or 0.5-mile incident counts. 2) Economic indicators show relatively low home values, elevated poverty, and higher unemployment, which may limit appreciation and tenant quality. 3) Elevated vacancy rate in the tract could signal weaker housing demand or neighborhood instability. 4) Owner name is unknown in the dataset, which may complicate title and redemption research. 5) Lack of detailed property condition, structure type, and occupancy status introduces significant asset-level uncertainty at auction.","1) No parcel-specific or neighborhood-level crime incident data; only a city-level proxy is available. 2) No information on building size, year built, current condition, code violations, or occupancy. 3) No confirmation of utilities, zoning specifics beyond generic R IMP type, or any liens beyond the tax issue. 4) No recent sales comps or rent comps for this specific block or immediate surroundings. 5) No confirmation of exact ZIP in county records beyond the provided 74106 tag.","Pull parcel-level records from Tulsa County (assessor and treasurer) to confirm owner of record, structure details, and any additional liens; then obtain recent street-level imagery or an in-person drive-by for 257 E 43 ST N to assess property condition and block quality, followed by checking local police or open-data portals for neighborhood-specific crime patterns around the parcel.",Medium,"750 40875-02-13-11410 257 E 43 ST N 8,775 R IMP 1,445.45 332.25 | LOT 6 BLK 6 CITY OF TULSA | SUBURBAN ACRES FOURTH ADDN"
25,55625-92-06-02420,Unknown,215 S 71 AV W,Unknown,OK,Unknown,74132,1072.22,LTS 4 THRU 6 BLK 3 TULSA COUNTY,R,Geocoded,Medium,Tulsa Census Tract 6711,High,1.7,Low,NeighborhoodScout city-level crime page (low-confidence proxy),2021 city-level page,70192.0,0.119,0.0397,201200.0,992.0,0.0635,0.6364,Low,8.75,High,ACS 2024 5-year via Census Reporter API (Tract-level),10.0,6.5,6.88,6.88,5.38,Risky / Needs Verification,Drive By,Bid cost 1072.22 for parcel 55625-92-06-02420 at 215 S 71 AV W stays in Manual Review Candidate because crime risk is High and median household income 70192.0; fallback confidence is Medium.,Crime signal is High with Low confidence. Economic risk is Low with High confidence.,Area-level crime proxy is high risk. Crime context is low-confidence and city-level only.,Fallback used: Reasoning summary missing required concrete fields.,"Verify assessor details, title/liens, street-level condition, and whether the parcel is practically usable before bidding.",Medium,"1030 55625-92-06-02420 215 S 71 AV W 60,000 R 1,072.22 365.25 | LTS 4 THRU 6 BLK 3 TULSA COUNTY | TWIN CITIES"
26,38950-03-27-10040,Unknown,1715 N MAPLEWOOD AV E,Tulsa,OK,Unknown,74115,1065.22,LT 10 BLK 2,R,Geocoded,High,Tulsa Census Tract 11300,High,1.7,Low,NeighborhoodScout city-level crime page (low-confidence proxy),2021 city-level page,34850.0,0.2805,0.0587,50900.0,1038.0,0.1199,0.6821,Medium,5.92,High,ACS 2024 5-year via Census Reporter API (Tract-level),10.0,6.5,6.72,6.4,5.34,Risky / Needs Verification,Drive By,"Parcel 38950-03-27-10040 at 1715 N MAPLEWOOD AV E in Tulsa has solid data quality (high property clarity and geocoding scores) and a low bid cost of 1065.22, which is attractive relative to the tract’s low median home value of 50,900. The tract-level economics are modest but not catastrophic: median household income is 34,850 with a relatively high poverty rate of 28.05%, yet owner-occupancy is fairly strong at 68.21%, suggesting a stable, lower-income neighborhood rather than a fully transient area. However, the only crime information is a high-risk, low-confidence city-level proxy for Tulsa (crime risk score 1.7, city safer than only about 2% of U.S. cities), which materially increases uncertainty about this specific parcel’s safety profile. Given the combination of low acquisition cost, acceptable economic context, and high but poorly resolved crime risk, this property is worth manual review but not an automatic Top 50 pick.","Crime: The available crime data for 1715 N MAPLEWOOD AV E is a low-confidence, city-level proxy for Tulsa with a high crime risk level (score 1.7). NeighborhoodScout reported violent-crime victimization odds of about 1 in 107 and property-crime odds of about 1 in 22, and Tulsa was described as safer than only 2% of U.S. cities, but these figures are not parcel- or tract-specific. Economics: In Census Tract 11300, median household income is 34,850 with a poverty rate of 28.05% and unemployment of 5.87%. Median home value is 50,900 and median gross rent is 1,038, with a vacancy rate of 11.99% and a relatively high owner-occupied rate of 68.21%. Overall economic risk is classified as Medium with high confidence, indicating a lower-income but somewhat stable residential area that could support basic occupancy if crime is not extreme at the micro level.","1) Crime uncertainty: Only city-level crime data is available, and it flags Tulsa as high risk; without parcel- or block-level incident data, the true safety profile around 1715 N MAPLEWOOD AV E is unclear. 2) Socioeconomic stress: The tract has a high poverty rate (28.05%) and low median household income (34,850), which can correlate with higher local crime and weaker tenant quality. 3) Market depth: The low median home value (50,900) suggests limited resale upside and a thin buyer pool, which may constrain exit strategies. 4) Data gaps: No parcel-specific condition, structure details, or current occupancy information are provided, so the physical risk (demolition, severe disrepair, or non-buildable issues) is unknown. 5) Legal/ownership opacity: Owner name is listed as Unknown, which may signal title complexity or outdated records that need verification before bidding.","Missing or unknown items include: (a) parcel-level and block-level crime incidents within 0.5 miles; (b) current structure details (year built, square footage, number of units, current condition, and whether any structures exist); (c) current occupancy status and any visible signs of abandonment or code violations; (d) detailed title history, liens, and any municipal liens or special assessments; (e) confirmation of utilities, zoning specifics beyond the generic residential type, and any demolition or nuisance orders; (f) precise ZIP in the county records (only the confirmed ZIP 74115 is provided via external confirmation, not the original record).","Prior to considering this property for a Top 50 list, obtain parcel-specific crime and nuisance data (police calls, code violations) for the immediate area around 1715 N MAPLEWOOD AV E, verify title status and any liens for parcel 38950-03-27-10040, and conduct a visual or street-level review (in person or via recent imagery) to confirm that a usable residential structure exists and to assess condition relative to the 1,065.22 bid cost and the tract’s median home value of 50,900.",Medium,"669 38950-03-27-10040 1715 N MAPLEWOOD AV E 10,640 R 1,065.22 349.50 | LT 10 BLK 2 CITY OF TULSA | SOUTH DAWSON ADDN"
27,44675-92-08-05920,Unknown,1005 S 51 AV W,City Of Tulsa Mh Not Included,OK,Unknown,74107,1019.23,N 87 1/2' LT 6 BLK 7,R,Geocoded,Medium,Tulsa Census Tract 4900,High,1.7,Low,NeighborhoodScout city-level crime page (low-confidence proxy),2021 city-level page,43750.0,0.2723,0.1164,109600.0,928.0,0.1143,0.5806,Medium,6.08,High,ACS 2024 5-year via Census Reporter API (Tract-level),10.0,6.5,6.36,6.36,4.86,Risky / Needs Verification,Drive By,Bid cost 1019.23 for parcel 44675-92-08-05920 at 1005 S 51 AV W stays in Manual Review Candidate because crime risk is High and median household income 43750.0; fallback confidence is Medium.,Crime signal is High with Low confidence. Economic risk is Medium with High confidence.,Area-level crime proxy is high risk. Crime context is low-confidence and city-level only.,Fallback used: Reasoning summary missing required concrete fields.,"Verify assessor details, title/liens, street-level condition, and whether the parcel is practically usable before bidding.",Medium,"888 44675-92-08-05920 1005 S 51 AV W 9,944 R 1,019.23 318.00 | N 87 1/2' LT 6 BLK 7 CITY OF TULSA MH NOT INCLUDED | VERN SUB AMD"
28,90212-02-12-26700,Unknown,1118 E 50 PL N,Tulsa,OK,Unknown,74126,1317.38,TR 24 W140 E1320 S305 N/2 N/2 SE SEC 12 20 12,R HS IMP,Geocoded,High,Tulsa Census Tract 7900,High,1.7,Low,NeighborhoodScout city-level crime page (low-confidence proxy),2021 city-level page,40233.0,0.3225,0.0824,70700.0,1139.0,0.2813,0.5383,High,4.92,High,ACS 2024 5-year via Census Reporter API (Tract-level),10.0,9.0,6.82,6.82,4.82,Risky / Needs Verification,Drive By,Bid cost 1317.38 for parcel 90212-02-12-26700 at 1118 E 50 PL N stays in Manual Review Candidate because crime risk is High and median household income 40233.0; fallback confidence is High.,Crime signal is High with Low confidence. Economic risk is High with High confidence.,Area-level crime proxy is high risk. Economic context is weak. Crime context is low-confidence and city-level only.,Fallback used: Reasoning summary missing required concrete fields.,"Verify assessor details, title/liens, street-level condition, and whether the parcel is practically usable before bidding.",High,"1241 90212-02-12-26700 1118 E 50 PL N 42,689 R HS IMP 1,317.38 316.50 | TR 24 W140 E1320 S305 N/2 N/2 SE SEC 12 20 12 CITY OF TULSA | .980AC"
29,22175-92-08-02140,Unknown,6037 W 9 ST S,Tulsa,OK,Unknown,74127,1229.87,LT 11 BLK 4,R IMP,Geocoded,High,Tulsa Census Tract 8800,High,1.7,Low,NeighborhoodScout city-level crime page (low-confidence proxy),2021 city-level page,44231.0,0.359,0.136,71700.0,826.0,0.1751,0.4904,High,4.92,High,ACS 2024 5-year via Census Reporter API (Tract-level),10.0,8.5,6.77,6.77,4.77,Risky / Needs Verification,Drive By,Bid cost 1229.87 for parcel 22175-92-08-02140 at 6037 W 9 ST S stays in Manual Review Candidate because crime risk is High and median household income 44231.0; fallback confidence is High.,Crime signal is High with Low confidence. Economic risk is High with High confidence.,Area-level crime proxy is high risk. Economic context is weak. Crime context is low-confidence and city-level only.,Fallback used: Reasoning summary missing required concrete fields.,"Verify assessor details, title/liens, street-level condition, and whether the parcel is practically usable before bidding.",High,"318 22175-92-08-02140 6037 W 9 ST S 7,500 R IMP 1,229.87 348.00 | LT 11 BLK 4 CITY OF TULSA | LAWNWOOD ADDN"
30,99026-90-26-37752,Unknown,4539 S 208 AV W,Unknown,OK,Unknown,Unknown,1195.21,BEG 330S & 935E NWC SW TH E787 N193 W687 N627 TULSA COUNTY MH NOT INCLUDED,R IMP,Failed,Low,Unknown.,Unknown,Unknown.,Unknown,Unknown.,Unknown.,Unknown.,Unknown.,Unknown.,Unknown.,Unknown.,Unknown.,Unknown.,Unknown,Unknown.,Unknown,Unknown.,10.0,8.5,5.46,5.46,4.71,Risky / Needs Verification,Watch,Bid cost 1195.21 for parcel 99026-90-26-37752 at 4539 S 208 AV W stays in Risky / Needs Verification because crime risk is Unknown and economic data is Unknown; fallback confidence is Low.,Crime signal is Unknown with Unknown confidence. Economic risk is Unknown with Unknown confidence.,Geocoding confidence is weak. Economic coverage is weak or incomplete.,Fallback used: Reasoning summary missing required concrete fields.,"Verify assessor details, title/liens, street-level condition, and whether the parcel is practically usable before bidding.",Low,"1346 99026-90-26-37752 4539 S 208 AV W 214,591 R IMP 1,195.21 316.50 | BEG 330S & 935E NWC SW TH E787 N193 W687 N627 TULSA COUNTY MH NOT INCLUDED | W100 S820 POB SEC 26 19 10 4.926ACS"
31,18650-93-06-13240,Unknown,628 S YORKTOWN AV E,Tulsa,OK,Unknown,74104,1261.2,LT 7 BLK 16,R IMP,Geocoded,High,Tulsa Census Tract 2301,High,1.7,Low,NeighborhoodScout city-level crime page (low-confidence proxy),2021 city-level page,34417.0,0.3148,0.0599,77900.0,895.0,0.2059,0.3429,High,4.58,High,ACS 2024 5-year via Census Reporter API (Tract-level),10.0,8.5,6.69,6.69,4.69,Risky / Needs Verification,Drive By,Bid cost 1261.20 for parcel 18650-93-06-13240 at 628 S YORKTOWN AV E stays in Manual Review Candidate because crime risk is High and median household income 34417.0; fallback confidence is High.,Crime signal is High with Low confidence. Economic risk is High with High confidence.,Area-level crime proxy is high risk. Economic context is weak. Crime context is low-confidence and city-level only.,Fallback used: Reasoning summary missing required concrete fields.,"Verify assessor details, title/liens, street-level condition, and whether the parcel is practically usable before bidding.",High,"267 18650-93-06-13240 628 S YORKTOWN AV E 6,150 R IMP 1,261.20 426.75 | LT 7 BLK 16 CITY OF TULSA | HILLCREST ADDN"
32,41025-02-01-04710,Unknown,5901 N GARRISON PL E,Tulsa,OK,Unknown,74126,1273.2,LT 9 BLK 6,R IMP,Geocoded,High,Tulsa Census Tract 9101,High,1.7,Low,NeighborhoodScout city-level crime page (low-confidence proxy),2021 city-level page,41493.0,0.3846,0.1333,54200.0,1091.0,0.1913,0.6125,High,4.58,High,ACS 2024 5-year via Census Reporter API (Tract-level),10.0,8.5,6.69,6.69,4.69,Risky / Needs Verification,Drive By,Bid cost 1273.20 for parcel 41025-02-01-04710 at 5901 N GARRISON PL E stays in Manual Review Candidate because crime risk is High and median household income 41493.0; fallback confidence is High.,Crime signal is High with Low confidence. Economic risk is High with High confidence.,Area-level crime proxy is high risk. Economic context is weak. Crime context is low-confidence and city-level only.,Fallback used: Reasoning summary missing required concrete fields.,"Verify assessor details, title/liens, street-level condition, and whether the parcel is practically usable before bidding.",High,"762 41025-02-01-04710 5901 N GARRISON PL E 7,200 R IMP 1,273.20 316.50 | LT 9 BLK 6 CITY OF TULSA | SUBURBAN HILLS ADDN"
33,41025-02-01-05430,Unknown,522 E 59 ST N,Tulsa,OK,Unknown,74126,1273.2,LT 16 BLK 9,R IMP,Geocoded,High,Tulsa Census Tract 9101,High,1.7,Low,NeighborhoodScout city-level crime page (low-confidence proxy),2021 city-level page,41493.0,0.3846,0.1333,54200.0,1091.0,0.1913,0.6125,High,4.58,High,ACS 2024 5-year via Census Reporter API (Tract-level),10.0,8.5,6.69,6.69,4.69,Risky / Needs Verification,Drive By,Bid cost 1273.20 for parcel 41025-02-01-05430 at 522 E 59 ST N stays in Manual Review Candidate because crime risk is High and median household income 41493.0; fallback confidence is High.,Crime signal is High with Low confidence. Economic risk is High with High confidence.,Area-level crime proxy is high risk. Economic context is weak. Crime context is low-confidence and city-level only.,Fallback used: Reasoning summary missing required concrete fields.,"Verify assessor details, title/liens, street-level condition, and whether the parcel is practically usable before bidding.",High,"769 41025-02-01-05430 522 E 59 ST N 7,200 R IMP 1,273.20 363.75 | LT 16 BLK 9 CITY OF TULSA | SUBURBAN HILLS ADDN"
34,43300-03-29-14980,Unknown,1728 N ATLANTA CT E,Tulsa,OK,Unknown,74110,1094.55,LT 544 BK 41,R IMP,Geocoded,High,Tulsa Census Tract 400,High,1.7,Low,NeighborhoodScout city-level crime page (low-confidence proxy),2021 city-level page,36410.0,0.3705,0.1425,67500.0,882.0,0.12,0.4339,High,4.08,High,ACS 2024 5-year via Census Reporter API (Tract-level),10.0,8.5,6.64,6.64,4.64,Risky / Needs Verification,Drive By,Bid cost 1094.55 for parcel 43300-03-29-14980 at 1728 N ATLANTA CT E stays in Manual Review Candidate because crime risk is High and median household income 36410.0; fallback confidence is High.,Crime signal is High with Low confidence. Economic risk is High with High confidence.,Area-level crime proxy is high risk. Economic context is weak. Crime context is low-confidence and city-level only.,Fallback used: Reasoning summary missing required concrete fields.,"Verify assessor details, title/liens, street-level condition, and whether the parcel is practically usable before bidding.",High,"811 43300-03-29-14980 1728 N ATLANTA CT E 5,000 R IMP 1,094.55 348.00 | LT 544 BK 41 CITY OF TULSA | TULSA HGTS"
35,25500-03-29-05850,Unknown,2604 E TECUMSEH ST N,Tulsa,OK,Unknown,74110,1095.22,W.45 OF LT 3 BLK 1,R IMP,Geocoded,High,Tulsa Census Tract 400,High,1.7,Low,NeighborhoodScout city-level crime page (low-confidence proxy),2021 city-level page,36410.0,0.3705,0.1425,67500.0,882.0,0.12,0.4339,High,4.08,High,ACS 2024 5-year via Census Reporter API (Tract-level),10.0,8.5,6.64,6.64,4.64,Risky / Needs Verification,Drive By,Bid cost 1095.22 for parcel 25500-03-29-05850 at 2604 E TECUMSEH ST N stays in Manual Review Candidate because crime risk is High and median household income 36410.0; fallback confidence is High.,Crime signal is High with Low confidence. Economic risk is High with High confidence.,Area-level crime proxy is high risk. Economic context is weak. Crime context is low-confidence and city-level only.,Fallback used: Reasoning summary missing required concrete fields.,"Verify assessor details, title/liens, street-level condition, and whether the parcel is practically usable before bidding.",High,"397 25500-03-29-05850 2604 E TECUMSEH ST N 6,030 R IMP 1,095.22 348.00 | W.45 OF LT 3 BLK 1 CITY OF TULSA | MARTIN ADDN"
36,43300-03-29-09940,Unknown,2311 N ATLANTA AV E,Tulsa,OK,Unknown,74110,1179.88,LT 29 BK 4,R IMP,Geocoded,High,Tulsa Census Tract 400,High,1.7,Low,NeighborhoodScout city-level crime page (low-confidence proxy),2021 city-level page,36410.0,0.3705,0.1425,67500.0,882.0,0.12,0.4339,High,4.08,High,ACS 2024 5-year via Census Reporter API (Tract-level),10.0,8.5,6.62,6.62,4.62,Risky / Needs Verification,Drive By,Bid cost 1179.88 for parcel 43300-03-29-09940 at 2311 N ATLANTA AV E stays in Manual Review Candidate because crime risk is High and median household income 36410.0; fallback confidence is High.,Crime signal is High with Low confidence. Economic risk is High with High confidence.,Area-level crime proxy is high risk. Economic context is weak. Crime context is low-confidence and city-level only.,Fallback used: Reasoning summary missing required concrete fields.,"Verify assessor details, title/liens, street-level condition, and whether the parcel is practically usable before bidding.",High,"802 43300-03-29-09940 2311 N ATLANTA AV E 5,000 R IMP 1,179.88 332.25 | LT 29 BK 4 CITY OF TULSA | TULSA HGTS"
37,44250-02-12-15060,Unknown,618 E 55 ST N,Tulsa,OK,Unknown,74126,1443.18,LT 4 BLK 54,R IMP,Geocoded,High,Tulsa Census Tract 7900,High,1.7,Low,NeighborhoodScout city-level crime page (low-confidence proxy),2021 city-level page,40233.0,0.3225,0.0824,70700.0,1139.0,0.2813,0.5383,High,4.92,High,ACS 2024 5-year via Census Reporter API (Tract-level),10.0,8.5,6.71,6.3,4.55,Risky / Needs Verification,Drive By,"The parcel at 618 E 55 ST N in Tulsa (ZIP 74126) has strong data clarity (property clarity 10.0, geocoding 9.0, residential likelihood 8.5) and a low entry bid of 1443.18, which supports inclusion in a screened list. However, the area-level signals are negative: the city-level crime proxy is high risk and the tract-level economic indicators show low median home value (~70,700), relatively low median household income (~40,233), high poverty (32.25%), high vacancy (28.13%), and only moderate owner-occupancy (53.83%). Because the crime data is only a low-confidence city-level proxy, the risk is real but not precisely localized to this parcel. Overall, the property remains a Manual Review Candidate rather than a clear Top Candidate, but it is not so weak that it should be automatically excluded from a Top 50 short list in this price band.","Crime: The only available crime data is a low-confidence, city-level proxy for Tulsa with a high crime risk score of 1.7. NeighborhoodScout reported violent-crime victimization odds of about 1 in 107 and property-crime odds of about 1 in 22, and noted Tulsa is safer than only about 2% of U.S. cities, with an overall crime rate of about 45.0 per 1,000 residents. This suggests a generally high-crime environment, but it is not parcel- or neighborhood-specific. Economics: The census tract (7900) around 618 E 55 ST N shows weak fundamentals: median household income of about 40,233, poverty rate of 32.25%, unemployment of 8.24%, median home value around 70,700, median gross rent about 1,139, vacancy rate 28.13%, and owner-occupied rate 53.83%. The economic risk level is classified as High with high confidence. These indicators point to a financially stressed area with elevated vacancy and modest property values, which may limit appreciation potential but could support lower-cost acquisitions.","1) High crime proxy at the city level for Tulsa, with limited parcel-specific data, implies elevated safety and property-crime concerns near 618 E 55 ST N. 2) Weak economic context in Census Tract 7900: high poverty (32.25%), high unemployment (8.24%), and high vacancy (28.13%) increase risk of unstable tenancy, slower resale, and potential blight. 3) Low median home value (~70,700) suggests limited upside and possible cap on resale or refinance value. 4) Crime data is low-confidence and city-wide, so actual local risk could be better or worse than indicated, adding uncertainty. 5) Owner-occupancy is only moderate (53.83%), which may correlate with more transient residents and less neighborhood stability.","1) No parcel-level or 0.5-mile crime incident counts; only a city-level proxy is available. 2) No detailed property condition, structure type, square footage, year built, or interior/exterior status beyond generic type R IMP. 3) No confirmation of current occupancy, code violations, or nuisance/abatement history. 4) No recent sales comps or rent comps specific to this block or immediate micro-area. 5) No tax/utility lien details beyond the auction context and bid cost.","Obtain parcel-specific and block-level information before ranking this property firmly in a Top 50 list: (a) pull local police or open-data incident reports within roughly a 0.25–0.5 mile radius of 618 E 55 ST N to validate whether crime around this parcel matches or exceeds the city-level high-risk profile; (b) verify physical condition and occupancy via recent street-level imagery or an in-person drive-by, checking for boarded windows, structural damage, or signs of abandonment; (c) confirm zoning and any code enforcement or nuisance cases tied to Parcel 44250-02-12-15060; and (d) gather hyperlocal sales and rent comps in ZIP 74126 and specifically near Census Tract 7900 to see if the low acquisition price of 1443.18 aligns with realistic resale or rental potential in this micro-market.",Medium,"863 44250-02-12-15060 618 E 55 ST N 7,200 R IMP 1,443.18 332.25 | LT 4 BLK 54 CITY OF TULSA | VALLEY VIEW ACRES THIRD ADDN"
38,05850-03-30-04070,Unknown,1844 N TRENTON AV E,Tulsa,OK,Unknown,74106,1297.53,LT 22 & S25 VAC UTE ST ON N BLK 8,R HS IMP,Geocoded,High,Tulsa Census Tract 500,High,1.7,Low,NeighborhoodScout city-level crime page (low-confidence proxy),2021 city-level page,32356.0,0.3922,0.2206,68600.0,745.0,0.1871,0.376,High,3.42,High,ACS 2024 5-year via Census Reporter API (Tract-level),10.0,9.0,6.53,6.53,4.53,Risky / Needs Verification,Drive By,Bid cost 1297.53 for parcel 05850-03-30-04070 at 1844 N TRENTON AV E stays in Manual Review Candidate because crime risk is High and median household income 32356.0; fallback confidence is High.,Crime signal is High with Low confidence. Economic risk is High with High confidence.,Area-level crime proxy is high risk. Economic context is weak. Crime context is low-confidence and city-level only.,Fallback used: Reasoning summary missing required concrete fields.,"Verify assessor details, title/liens, street-level condition, and whether the parcel is practically usable before bidding.",High,"82 05850-03-30-04070 1844 N TRENTON AV E 10,500 R HS IMP 1,297.53 332.25 | LT 22 & S25 VAC UTE ST ON N BLK 8 CITY OF TULSA | BULLETTE HGTS 2ND ADDN"
39,00575-93-06-00770,Unknown,405 S WHEELING AV E,Tulsa,OK,Unknown,74104,1468.51,LT 24 S3.4 LT 25 BLK 6,R IMP,Geocoded,High,Tulsa Census Tract 2301,High,1.7,Low,NeighborhoodScout city-level crime page (low-confidence proxy),2021 city-level page,34417.0,0.3148,0.0599,77900.0,895.0,0.2059,0.3429,High,4.58,High,ACS 2024 5-year via Census Reporter API (Tract-level),10.0,8.5,6.63,6.3,4.5,Risky / Needs Verification,Drive By,"Parcel 00575-93-06-00770 at 405 S WHEELING AV E in Tulsa has strong property clarity and geocoding, and is clearly a residential-improvement (R IMP) parcel. The bid cost of 1468.51 fits the target $1,000–$1,500 range. However, the surrounding tract shows weak economic conditions (median household income about 34,417, poverty rate about 31%, vacancy about 20.6%, and low owner-occupancy), and the city-level crime proxy flags Tulsa as high risk. These factors prevent it from being a Top Candidate but justify keeping it in a manually reviewed pool.","Crime risk level is High based on a low-confidence, city-level proxy for Tulsa (NeighborhoodScout), with reported odds of violent-crime victimization around 1 in 107 and property crime around 1 in 22, and Tulsa described as safer than only about 2% of U.S. cities. Economic data for Census Tract 2301 are high-confidence and weak: median household income is about 34,417, poverty rate is roughly 31.5%, unemployment about 6.0%, median home value about 77,900, median gross rent about 895, vacancy rate about 20.6%, and owner-occupied rate only about 34.3%, all indicating a high economic risk environment.","1) High crime risk level for Tulsa based on city-level data, with no parcel-specific or 0.5-mile incident counts. 2) Weak tract-level economics: high poverty, elevated vacancy, low owner-occupancy, and modest home values, which may limit appreciation and tenant quality. 3) Economic context is clearly high risk even though the data quality is high, suggesting structural challenges in the immediate area. 4) Owner name is unknown in the dataset, which may signal title or record-keeping complexity typical of tax auctions. 5) ZIP was initially unknown and only later confirmed as 74104, indicating some historical data inconsistency.","1) No parcel-level or 0.5-mile crime incident counts; only a low-confidence city-level crime proxy is available. 2) No interior or exterior condition data, photos, or year built. 3) No information on current occupancy, liens beyond the tax issue, code violations, or demolition orders. 4) No rental comps or ARV estimates specific to this block or neighborhood. 5) No confirmation of utilities status, access, or any structural issues.","Manually verify on-the-ground and official records: (a) pull county assessor and treasurer records for 405 S WHEELING AV E to confirm structure type, square footage, year built, and any additional liens; (b) check city code-enforcement and demolition lists for this parcel; (c) obtain recent street-view or in-person photos to assess condition and occupancy; (d) review local crime maps for a 0.5–1 mile radius around the parcel to validate the high crime proxy; and (e) run rent and sale comps in ZIP 74104 and specifically in Census Tract 2301 to see if the 1468.51 bid cost is justified relative to realistic resale or rental potential.",Medium,"1 00575-93-06-00770 405 S WHEELING AV E 3,920 R IMP 1,468.51 567.50 | LT 24 S3.4 LT 25 BLK 6 CITY OF TULSA | ABDO'S ADDN"
40,24275-93-06-15060,Unknown,1415 E ADMIRAL BV N,Tulsa,OK,Unknown,74120,1319.86,LT 15 BLK 6,C IMP,Geocoded,High,Tulsa Census Tract 1200,High,1.7,Low,NeighborhoodScout city-level crime page (low-confidence proxy),2021 city-level page,60379.0,0.176,0.0633,86400.0,964.0,0.2185,0.5092,Medium,6.5,High,ACS 2024 5-year via Census Reporter API (Tract-level),10.0,3.0,6.24,6.24,4.49,Risky / Needs Verification,Drive By,Bid cost 1319.86 for parcel 24275-93-06-15060 at 1415 E ADMIRAL BV N stays in Manual Review Candidate because crime risk is High and median household income 60379.0; fallback confidence is High.,Crime signal is High with Low confidence. Economic risk is Medium with High confidence.,Area-level crime proxy is high risk. Crime context is low-confidence and city-level only. Property type appears commercial or unclear for a residential auction screen.,Fallback used: Reasoning summary missing required concrete fields.,"Verify assessor details, title/liens, street-level condition, and whether the parcel is practically usable before bidding.",High,"369 24275-93-06-15060 1415 E ADMIRAL BV N 6,500 C IMP 1,319.86 332.25 | LT 15 BLK 6 CITY OF TULSA | LYNCH & FORSYTHE'S ADDN"
41,21875-03-17-04770,Unknown,4004 N DELAWARE AV E,Tulsa,OK,Unknown,74110,1482.9,LT 4 BLK 2,R HS IMP,Geocoded,High,Tulsa Census Tract 8001,High,1.7,Low,NeighborhoodScout city-level crime page (low-confidence proxy),2021 city-level page,27083.0,0.4606,0.1685,66100.0,1012.0,0.3076,0.3976,High,3.42,High,ACS 2024 5-year via Census Reporter API (Tract-level),10.0,9.0,6.47,6.47,4.47,Risky / Needs Verification,Drive By,Bid cost 1482.90 for parcel 21875-03-17-04770 at 4004 N DELAWARE AV E stays in Manual Review Candidate because crime risk is High and median household income 27083.0; fallback confidence is High.,Crime signal is High with Low confidence. Economic risk is High with High confidence.,Area-level crime proxy is high risk. Economic context is weak. Crime context is low-confidence and city-level only.,Fallback used: Reasoning summary missing required concrete fields.,"Verify assessor details, title/liens, street-level condition, and whether the parcel is practically usable before bidding.",High,"309 21875-03-17-04770 4004 N DELAWARE AV E 7,410 R HS IMP 1,482.90 395.25 | LT 4 BLK 2 CITY OF TULSA | LAKEVIEW HGTS SECOND ADDN"
42,21825-03-17-04060,Unknown,4427 N EVANSTON PL E,Tulsa,OK,Unknown,74110,1273.2,LT 40 BLK 10,R IMP,Geocoded,High,Tulsa Census Tract 8001,High,1.7,Low,NeighborhoodScout city-level crime page (low-confidence proxy),2021 city-level page,27083.0,0.4606,0.1685,66100.0,1012.0,0.3076,0.3976,High,3.42,High,ACS 2024 5-year via Census Reporter API (Tract-level),10.0,8.5,6.46,6.46,4.46,Risky / Needs Verification,Drive By,Bid cost 1273.20 for parcel 21825-03-17-04060 at 4427 N EVANSTON PL E stays in Manual Review Candidate because crime risk is High and median household income 27083.0; fallback confidence is High.,Crime signal is High with Low confidence. Economic risk is High with High confidence.,Area-level crime proxy is high risk. Economic context is weak. Crime context is low-confidence and city-level only.,Fallback used: Reasoning summary missing required concrete fields.,"Verify assessor details, title/liens, street-level condition, and whether the parcel is practically usable before bidding.",High,"305 21825-03-17-04060 4427 N EVANSTON PL E 7,788 R IMP 1,273.20 379.50 | LT 40 BLK 10 CITY OF TULSA | LAKE-VIEW HGTS AMD RESUB PRT B1-2 & B3-6"
43,54375-02-01-07920,Unknown,5942 N OWASSO AV E,Unknown,OK,Unknown,74126,1077.89,LT 6 & 7 BLK 6 TULSA COUNTY,R IMP,Geocoded,High,Tulsa Census Tract 9101,High,1.7,Low,NeighborhoodScout city-level crime page (low-confidence proxy),2021 city-level page,41493.0,0.3846,0.1333,54200.0,1091.0,0.1913,0.6125,High,4.58,High,ACS 2024 5-year via Census Reporter API (Tract-level),10.0,8.5,6.75,6.0,4.45,Risky / Needs Verification,Drive By,"The parcel at 5942 N OWASSO AV E with a bid cost of 1077.89 has strong property data clarity and high-confidence geocoding in a residential tract, which supports basic viability. However, the area shows high crime risk (even though based on low-confidence city-level proxy data) and clearly weak economic fundamentals at the tract level (low median home value around 54k, high poverty at ~38%, high unemployment at ~13%, and high vacancy near 19%). These factors materially limit upside and increase holding and tenant risk. Given the low price point, it may still be worth a closer look, but the area profile is not strong enough to justify automatic Top 50 status without further verification of property condition and block-level stability.","Crime: City-level proxy for Tulsa indicates high crime risk (crime risk score 1.7, Tulsa reportedly safer than only about 2% of U.S. cities, violent-crime odds ~1 in 107, property-crime odds ~1 in 22). This is low-confidence and not parcel-specific, but it still flags elevated safety and vandalism risk. Economics: Tract-level ACS data show median household income of about 41,493 with a high poverty rate of 38.46% and unemployment at 13.33%, indicating a financially stressed area. Median home value is very low at about 54,200, suggesting limited appreciation potential and a low-value housing stock. Vacancy is high at 19.13%, which raises concerns about blight and difficulty maintaining occupancy, though owner-occupancy is relatively solid at 61.25%. Overall, the economic context is clearly high risk and likely to constrain both exit value and rent quality.","1) High crime risk based on city-level proxy data for Tulsa, with low confidence but still a strong negative signal for safety, vandalism, and tenant quality. 2) Weak economic context: low median home value (~54k), high poverty (~38%), high unemployment (~13%), and high vacancy (~19%) all point to a distressed neighborhood with limited appreciation and potentially unstable rent rolls. 3) Area-level risk concentration: the tract-level indicators suggest systemic neighborhood challenges rather than an isolated weak block. 4) Unknown current property condition and structure type beyond the generic R IMP classification, which could turn a low bid into a money pit if major rehab or demolition is needed. 5) Owner name and some address fields are unknown, which may signal record-keeping issues or complicate background research, even though the parcel and location are clearly identified.","1) No parcel-specific or 0.5-mile crime incident data; only a city-level proxy for Tulsa is available. 2) No detailed property condition data (age, square footage, current occupancy, interior/exterior condition, code violations, or demolition orders). 3) No confirmation of utilities status (water, sewer, electric, gas) or any liens beyond the tax issue. 4) No recent sales comps or rent comps for this specific block or immediate surroundings. 5) No visual confirmation (photos or street-view) of the structure, neighboring properties, or signs of blight or active rehabs.","Pull recent street-view or on-the-ground photos for 5942 N OWASSO AV E and the surrounding block to verify that the structure is standing, not obviously condemned, and that the immediate neighbors are not heavily blighted. If the physical and block conditions look acceptable, then obtain local comps (sales and rents) and check city records for code violations or demolition orders before considering it for a Top 50 slot.",Medium,"995 54375-02-01-07920 5942 N OWASSO AV E 7,000 R IMP 1,077.89 348.00 | LT 6 & 7 BLK 6 TULSA COUNTY | TURLEY-ORIGINAL TOWN"
44,99026-90-26-34620,Unknown,4403 S 208 AV W,Unknown,OK,Unknown,Unknown,1084.3,TR 15 DONDONNA ACRES BEG 635E & 699.39N SWC TULSA COUNTY MH NOT INCLUDED,R,Failed,Low,Unknown.,Unknown,Unknown.,Unknown,Unknown.,Unknown.,Unknown.,Unknown.,Unknown.,Unknown.,Unknown.,Unknown.,Unknown.,Unknown,Unknown.,Unknown,Unknown.,10.0,6.5,5.19,5.19,4.44,Risky / Needs Verification,Watch,Bid cost 1084.30 for parcel 99026-90-26-34620 at 4403 S 208 AV W stays in Risky / Needs Verification because crime risk is Unknown and economic data is Unknown; fallback confidence is Low.,Crime signal is Unknown with Unknown confidence. Economic risk is Unknown with Unknown confidence.,Geocoding confidence is weak. Economic coverage is weak or incomplete.,Fallback used: Reasoning summary missing required concrete fields.,"Verify assessor details, title/liens, street-level condition, and whether the parcel is practically usable before bidding.",Low,"1345 99026-90-26-34620 4403 S 208 AV W 90,689 R 1,084.30 286.50 | TR 15 DONDONNA ACRES BEG 635E & 699.39N SWC TULSA COUNTY MH NOT INCLUDED | NW TH E300 N148.61 NWLY ON CRV 176.41 NW281.94"
45,23175-03-30-13510,Unknown,2529 N QUAKER AV E,Tulsa,OK,Unknown,74106,1358.53,LT 18 BLK 3,R IMP,Geocoded,High,Tulsa Census Tract 500,High,1.7,Low,NeighborhoodScout city-level crime page (low-confidence proxy),2021 city-level page,32356.0,0.3922,0.2206,68600.0,745.0,0.1871,0.376,High,3.42,High,ACS 2024 5-year via Census Reporter API (Tract-level),10.0,8.5,6.43,6.43,4.43,Risky / Needs Verification,Drive By,Bid cost 1358.53 for parcel 23175-03-30-13510 at 2529 N QUAKER AV E stays in Manual Review Candidate because crime risk is High and median household income 32356.0; fallback confidence is High.,Crime signal is High with Low confidence. Economic risk is High with High confidence.,Area-level crime proxy is high risk. Economic context is weak. Crime context is low-confidence and city-level only.,Fallback used: Reasoning summary missing required concrete fields.,"Verify assessor details, title/liens, street-level condition, and whether the parcel is practically usable before bidding.",High,"341 23175-03-30-13510 2529 N QUAKER AV E 7,280 R IMP 1,358.53 442.50 | LT 18 BLK 3 CITY OF TULSA | LINCOLN HGTS"
46,99029-90-29-20530,Unknown,4201 S 252 AV W,Unknown,OK,Unknown,Unknown,1268.53,E380 W760 S330 N660 E/2 NW LESS W25 THEREOF TULSA COUNTY,R,Failed,Low,Unknown.,Unknown,Unknown.,Unknown,Unknown.,Unknown.,Unknown.,Unknown.,Unknown.,Unknown.,Unknown.,Unknown.,Unknown.,Unknown,Unknown.,Unknown,Unknown.,10.0,6.5,5.14,5.14,4.39,Risky / Needs Verification,Watch,Bid cost 1268.53 for parcel 99029-90-29-20530 at 4201 S 252 AV W stays in Risky / Needs Verification because crime risk is Unknown and economic data is Unknown; fallback confidence is Low.,Crime signal is Unknown with Unknown confidence. Economic risk is Unknown with Unknown confidence.,Geocoding confidence is weak. Economic coverage is weak or incomplete.,Fallback used: Reasoning summary missing required concrete fields.,"Verify assessor details, title/liens, street-level condition, and whether the parcel is practically usable before bidding.",Low,"1349 99029-90-29-20530 4201 S 252 AV W 117,150 R 1,268.53 286.50 | E380 W760 S330 N660 E/2 NW LESS W25 THEREOF TULSA COUNTY | FOR RD SEC 29 19 10 2.69ACS TR D"
47,54500-92-28-08600,Unknown,4224 S 47 AV W,Unknown,OK,Unknown,Unknown,1280.6,E/2 E/2 LT 3 LESS N218.4 THEREOF TULSA COUNTY,R,Failed,Low,Unknown.,Unknown,Unknown.,Unknown,Unknown.,Unknown.,Unknown.,Unknown.,Unknown.,Unknown.,Unknown.,Unknown.,Unknown.,Unknown,Unknown.,Unknown,Unknown.,10.0,6.5,5.14,5.14,4.39,Risky / Needs Verification,Watch,Bid cost 1280.60 for parcel 54500-92-28-08600 at 4224 S 47 AV W stays in Risky / Needs Verification because crime risk is Unknown and economic data is Unknown; fallback confidence is Low.,Crime signal is Unknown with Unknown confidence. Economic risk is Unknown with Unknown confidence.,Geocoding confidence is weak. Economic coverage is weak or incomplete.,Fallback used: Reasoning summary missing required concrete fields.,"Verify assessor details, title/liens, street-level condition, and whether the parcel is practically usable before bidding.",Low,"1004 54500-92-28-08600 4224 S 47 AV W 15,300 R 1,280.60 333.75 | E/2 E/2 LT 3 LESS N218.4 THEREOF TULSA COUNTY | YARGEE ACRES"
48,03350-03-31-03600,Unknown,1140 N WHEELING AV E,City Of Tulsa Structure Removed,OK,Unknown,74110,1313.58,LT-1-BLK-7,R,Geocoded,High,Tulsa Census Tract 1300,High,1.7,Low,NeighborhoodScout city-level crime page (low-confidence proxy),2021 city-level page,47612.0,0.3505,0.0998,57800.0,892.0,0.1801,0.6214,High,4.58,High,ACS 2024 5-year via Census Reporter API (Tract-level),10.0,6.5,6.38,6.38,4.38,Risky / Needs Verification,Drive By,Bid cost 1313.58 for parcel 03350-03-31-03600 at 1140 N WHEELING AV E stays in Manual Review Candidate because crime risk is High and median household income 47612.0; fallback confidence is High.,Crime signal is High with Low confidence. Economic risk is High with High confidence.,Area-level crime proxy is high risk. Economic context is weak. Crime context is low-confidence and city-level only.,Fallback used: Reasoning summary missing required concrete fields.,"Verify assessor details, title/liens, street-level condition, and whether the parcel is practically usable before bidding.",High,"48 03350-03-31-03600 1140 N WHEELING AV E 7,000 R 1,313.58 316.50 | LT-1-BLK-7 CITY OF TULSA STRUCTURE REMOVED | BERRY-HART ADDN"
49,43300-03-29-12660,Unknown,2022 N LEWIS PL E,City Of Tulsa Structure Removed,OK,Unknown,74110,1289.87,LT 304 BK 25,R,Geocoded,High,Tulsa Census Tract 400,High,1.7,Low,NeighborhoodScout city-level crime page (low-confidence proxy),2021 city-level page,36410.0,0.3705,0.1425,67500.0,882.0,0.12,0.4339,High,4.08,High,ACS 2024 5-year via Census Reporter API (Tract-level),10.0,6.5,6.28,6.28,4.28,Risky / Needs Verification,Drive By,Bid cost 1289.87 for parcel 43300-03-29-12660 at 2022 N LEWIS PL E stays in Manual Review Candidate because crime risk is High and median household income 36410.0; fallback confidence is High.,Crime signal is High with Low confidence. Economic risk is High with High confidence.,Area-level crime proxy is high risk. Economic context is weak. Crime context is low-confidence and city-level only.,Fallback used: Reasoning summary missing required concrete fields.,"Verify assessor details, title/liens, street-level condition, and whether the parcel is practically usable before bidding.",High,"807 43300-03-29-12660 2022 N LEWIS PL E 5,000 R 1,289.87 363.75 | LT 304 BK 25 CITY OF TULSA STRUCTURE REMOVED | TULSA HGTS"
50,96203-62-03-50220,Unknown,18911 S 29 AV W,Unknown,OK,Unknown,Unknown,1064.76,BEG 1282.67E & 50N SWC SW TH N314.94 NW423.89 TULSA COUNTY,A IMP,Failed,Low,Unknown.,Unknown,Unknown.,Unknown,Unknown.,Unknown.,Unknown.,Unknown.,Unknown.,Unknown.,Unknown.,Unknown.,Unknown.,Unknown,Unknown.,Unknown,Unknown.,10.0,5.0,4.97,4.97,4.22,Risky / Needs Verification,Watch,Bid cost 1064.76 for parcel 96203-62-03-50220 at 18911 S 29 AV W stays in Risky / Needs Verification because crime risk is Unknown and economic data is Unknown; fallback confidence is Low.,Crime signal is Unknown with Unknown confidence. Economic risk is Unknown with Unknown confidence.,Geocoding confidence is weak. Economic coverage is weak or incomplete.,Fallback used: Reasoning summary missing required concrete fields.,"Verify assessor details, title/liens, street-level condition, and whether the parcel is practically usable before bidding.",Low,"1303 96203-62-03-50220 18911 S 29 AV W 436,036 A IMP 1,064.76 348.00 | BEG 1282.67E & 50N SWC SW TH N314.94 NW423.89 TULSA COUNTY | NW309.52 N286.69 E671.96 S553.39 W325.52 S698.05"
