parcel_id,ai_area_adjusted_score,ai_area_adjusted_category,recommendation,reasoning_summary,crime_economic_summary,key_risks,missing_information,next_due_diligence_step,confidence_level
01875-03-19-00200,6.8,Manual Review Candidate,Drive By,"The parcel at 2612 N TRENTON AV E in Tulsa (confirmed ZIP 74106) has strong data quality (property clarity 10.0, geocoding 9.0, residential likelihood 8.5) and a low bid cost of $962.57, which is attractive relative to the tract’s median home value of about $121,800. The area’s economic profile is mixed but not severely distressed: median household income ~$44,485, poverty ~19.6%, unemployment ~17.3%, and relatively high owner-occupancy (~73.7%) with a notable vacancy rate (~15.9%). However, the city-level crime proxy for Tulsa indicates high crime risk (Crime Risk Score 1.7, city safer than only ~2% of U.S. cities), and we lack parcel- or neighborhood-specific crime data. Given the combination of decent economic indicators, strong data confidence, and high but low-confidence crime risk, this property remains a Manual Review Candidate rather than a clear Top Candidate.","Crime: Based on a low-confidence, city-level proxy for Tulsa, overall crime risk is high. NeighborhoodScout reported violent-crime victimization odds of about 1 in 107 and property-crime odds of about 1 in 22, with Tulsa safer than only about 2% of U.S. cities and an overall crime rate around 45 per 1,000 residents. These figures are not specific to the 0.5-mile area around the parcel and may over- or understate local risk. Economics: The tract (Tulsa Census Tract 200) shows medium risk with high-confidence ACS data: median household income ~$44,485, poverty rate ~19.6%, unemployment ~17.3%, median home value ~$121,800, median gross rent ~$1,054, vacancy ~15.9%, and owner-occupied rate ~73.7%. This suggests a lower-income but largely owner-occupied area with some softness in occupancy but not extreme economic distress.","1) High city-level crime risk with only low-confidence, non-parcel-specific data; local conditions around 2612 N TRENTON AV E could be worse than the tract average. 2) Elevated unemployment (~17.3%) and non-trivial poverty (~19.6%) may limit resale or rental demand and tenant quality. 3) Vacancy rate (~15.9%) indicates some risk of weak demand or neighborhood blight. 4) Owner name is unknown in the dataset, which may signal title or record-keeping complexity that needs verification. 5) Crime data is city-level only; absence of parcel-level or 0.5-mile incident counts increases uncertainty about true safety and desirability.","1) Parcel-level or neighborhood (sub-tract) crime incidents and trends; 2) Current physical condition of the structure and lot (R IMP only, no condition details); 3) Exact ZIP in county records (though 74106 is confirmed externally in this dataset); 4) Any code violations, liens, or demolition orders; 5) Current occupancy status and presence of squatters or nuisance activity; 6) Detailed title history and any redemption or legal complications specific to this tax auction; 7) Local rent comps and ARV/resale comps within the immediate area of 2612 N TRENTON AV E.","Pull parcel-level records and local data: (a) obtain Tulsa Police or public crime-mapping data for a 0.25–0.5 mile radius around 2612 N TRENTON AV E to validate whether crime is consistent with or worse than the city-level proxy; (b) retrieve county assessor and code-enforcement records for Parcel 01875-03-19-00200 to confirm structure type, square footage, year built, condition notes, and any violations or demolition orders; (c) perform a quick drive-by or recent-street-imagery review to assess visible condition, occupancy, and surrounding block quality; and (d) run a basic title and lien check specific to the tax auction process to confirm there are no unusual encumbrances that would undermine the low $962.57 bid value.",Medium
44675-92-08-04460,6.1,Manual Review Candidate,Drive By,"Parcel 44675-92-08-04460 at 5134 W CHARLES PAGE has a low bid cost of 907.78 and strong property clarity (R IMP, high extraction confidence, good geocode) in a clearly residential census tract. However, the tract shows weak economics (median household income 44,231, high poverty 35.9%, high unemployment 13.6%, low median home value 71,700, and high vacancy 17.5%), and the only crime data is a high-risk, low-confidence city-level proxy for Tulsa. These factors justify keeping it as a Manual Review Candidate rather than an automatic Top 50 pick.","Crime: Crime Risk Level is High based on a low-confidence city-level proxy for Tulsa (NeighborhoodScout 2021), with reported odds of violent-crime victimization around 1 in 107 and property crime around 1 in 22, and Tulsa described as safer than only about 2% of U.S. cities. This is not parcel- or 0.5-mile-specific, so local block conditions could be better or worse. Economics: Tract-level ACS 2024 data indicate economic stress—median household income 44,231, poverty rate 0.359, unemployment rate 0.136, median home value 71,700, median gross rent 826, vacancy rate 0.1751, and owner-occupied rate 0.4904. This supports the High economic risk classification despite decent owner-occupancy.","1) High crime risk at the city level with only low-confidence proxy data, no parcel-level incident counts. 2) Weak local economic fundamentals: high poverty (35.9%), high unemployment (13.6%), low median home value (71,700), and elevated vacancy (17.5%), which may limit appreciation and tenant quality. 3) Neighborhood quality and property condition at 5134 W CHARLES PAGE are unknown; R IMP confirms improvement but not habitability or repair costs. 4) Medium geocoding confidence means a small chance of location mismatch within the block. 5) Rental demand and achievable rent are uncertain given the low-value, high-vacancy context.","1) No parcel-specific or 0.5-mile crime incident data; only city-level proxy for Tulsa. 2) No direct information on structure condition, year built, square footage, or current occupancy for 5134 W CHARLES PAGE. 3) No confirmation of utilities status, code violations, liens beyond the tax issue, or demolition/condemnation history. 4) No recent sales comps or rent comps for this immediate micro-area. 5) No confirmation of exact ZIP in source data (only a confirmed ZIP of 74127 from the pipeline).","Verify the exact structure and block conditions for 5134 W CHARLES PAGE (parcel 44675-92-08-04460) via recent street-level imagery, county assessor records, and code-enforcement/demolition logs; then pull a few nearby sales and rent comps within the same tract to confirm whether the low bid cost of 907.78 is justified by realistic resale or rental potential in this high-crime, economically stressed area.",Medium
62800-91-11-13540,5.8,Manual Review Candidate,Drive By,"The parcel at 201 N FRANKLIN AV W in Sand Springs has a low bid cost of $977.38 and strong tract-level economic fundamentals (median household income ~$51.6k, median home value ~$96.8k, owner-occupancy ~64%). However, the property type is coded as C (likely commercial or unclear for residential use), which conflicts with a residential-focused auction strategy. Crime risk is flagged as high based on low-confidence, city-level data for Sand Springs (not parcel-specific). Given the combination of unclear property use, high but uncertain crime risk, and only moderate pre-AI score (6.26), it should not be auto-promoted into a Top 50 list but is still worth targeted manual review if commercial or mixed-use assets are acceptable.","Crime: City-level proxy for Sand Springs indicates high crime risk (NeighborhoodScout odds ~1 in 37 for violent crime and ~1 in 34 for property crime; city safer than only about 8% of U.S. cities; overall rate ~30 per 1,000 residents). This is a coarse, low-confidence signal and not a 0.5-mile or parcel-level measure, so local variation around this address is unknown. Economics: Census tract 9300 shows medium risk with relatively solid fundamentals for a working-class area: median household income about $51,570, poverty rate ~14.9%, unemployment ~6.9%, median home value ~$96,800, median gross rent ~$856, vacancy ~12.5%, and owner-occupied rate ~64.3%. These support basic housing demand but do not fully offset the crime concerns and property-type ambiguity.","1) Property type ambiguity: coded as C, suggesting commercial or non-standard residential use, which may not fit a residential investment strategy and could involve different zoning, rehab, or tenant profiles. 2) Crime: high-risk label based on city-level data for Sand Springs with no parcel-level or 0.5-mile incident counts; actual on-the-ground safety could be better or worse than indicated. 3) Data gaps: no structure details (size, condition, year built, current use) and no confirmed ZIP in the base record (though 74063 is inferred), limiting valuation and rent assumptions. 4) Liquidity and exit: commercial or mixed-use properties in modest-value tracts (median home value ~$96.8k) can be slower to sell or refinance, especially if crime perceptions are negative. 5) Ownership/Title complexity: owner name is unknown in the provided data, and tax-auction properties can carry liens, code violations, or occupancy issues that are not visible here.","Missing or unclear items include: 1) Exact current use and zoning (commercial vs residential vs mixed-use). 2) Building characteristics: square footage, unit count, construction type, year built, interior and exterior condition. 3) Recent sale history and assessed value to benchmark the $977.38 bid cost. 4) Parcel-level or at least neighborhood-level crime incidents within 0.5 miles. 5) Utility status, code enforcement history, and any demolition or nuisance orders. 6) Occupancy status (vacant vs occupied) and any existing leases. 7) Precise ZIP and postal data in the core record (though 74063 is separately confirmed).","First, verify the property’s zoning and current use with Tulsa County and Sand Springs planning/zoning (confirm whether it is commercial, residential, or mixed-use and what is permitted on W75 LTS 15 & 16 & ALL LTS 17 & 18 BLK 5). In parallel, pull the county assessor record for parcel 62800-91-11-13540 to obtain building details (square footage, improvements, assessed value, year built, and any photos). Then conduct a quick map and street-level review (if imagery is available) to assess surrounding land use and visible condition, and check local police or open-data portals for crime incidents near 201 N FRANKLIN AV W. If the property is confirmed to be suitable for your target use and no major red flags (e.g., condemnations, severe crime hotspot) appear, you can then refine ARV/rent estimates and decide whether it merits promotion into the Top 50.",Medium
24275-93-06-15050,5.75,Manual Review Candidate,Drive By,"The parcel at 1411 E ADMIRAL BV N in Tulsa has strong data clarity (property clarity 10.0, geocoding 9.0) and a low bid cost of $953.23, which is attractive relative to the tract’s modest median home value ($86,400). However, the property type is coded as C (likely commercial or unclear for residential use), and residential likelihood is low (3.0), which reduces its fit for a residential-focused Top 50 list. Area economics are moderate (median household income ~$60k, medium risk, high-confidence data), but the crime proxy for Tulsa is high risk and only city-level, not parcel-specific. These mixed signals support keeping it in a manual review bucket rather than elevating it to a top-tier candidate.","Crime: City-level proxy for Tulsa indicates high crime risk (crime risk score 1.7, high risk, low-confidence). NeighborhoodScout reported violent-crime victimization odds around 1 in 107 and property-crime odds around 1 in 22, with Tulsa safer than only about 2% of U.S. cities and an overall rate of ~45 per 1,000 residents. This is not parcel- or 0.5-mile-specific, so it should be treated cautiously but still flags elevated risk. Economics: The census tract (Tulsa Tract 1200) shows median household income of about $60,379, poverty rate 17.6%, unemployment 6.33%, median home value $86,400, median gross rent $964, vacancy rate 21.85%, and owner-occupied rate ~50.9%. These indicators support a medium economic risk classification with decent income but notable vacancy and moderate poverty, consistent with a somewhat fragile but not severely distressed area.","1) Crime: High city-level crime risk with only low-confidence, non-parcel-specific data; potential for elevated safety and property-crime issues near the parcel. 2) Property type: Classified as C with low residential likelihood (3.0), suggesting commercial or non-standard use that may not align with a residential investment strategy. 3) Market/vacancy: Tract-level vacancy is high (~21.85%), which can signal weaker demand, higher turnover, or blight risk. 4) Ownership/records: Owner name is unknown in the provided data, which may indicate title or records complexity that needs verification before bidding. 5) Data gaps: No parcel-level crime incidents or detailed property characteristics (size, structure type, condition, zoning) are available, increasing uncertainty.","Missing or unclear items include: 1) Exact property use and improvements (building type, square footage, condition, year built). 2) Zoning and permitted uses to confirm whether residential use or conversion is feasible. 3) Parcel-level or at least neighborhood-level crime incident data within 0.5 miles. 4) Current occupancy status (vacant vs. occupied) and any visible signs of distress. 5) Title status, liens, code violations, and any special assessments. 6) More precise ZIP-level market indicators (rents, sale comps) specific to 74120 rather than only tract-level aggregates.","Manually verify zoning and current use (commercial vs. residential) for 1411 E ADMIRAL BV N through county records or the city planning/zoning portal, then perform a quick desktop review (street-view imagery, if available) to assess building type, condition, and surrounding block quality. If it appears to be a viable or convertible residential or mixed-use asset and the immediate streetscape is acceptable, follow up with a title search and check for code violations or liens before considering it for the Top 50 list.",Medium
24275-93-06-15090,6.0,Manual Review Candidate,Drive By,"The parcel at 1427 E ADMIRAL BV N in Tulsa (bid cost $953.23) has strong data clarity and geocoding, but the property type is coded as C (likely commercial/unclear for residential use), which conflicts with a residential-focused auction screen. Area-level economic indicators in Census Tract 1200 are moderate: median household income about $60k, median home value about $86k, and median rent about $964, but vacancy is relatively high (~21.9%) and owner-occupancy is only about 51%. Combined with high city-level crime risk and low-confidence crime data, this parcel does not justify automatic Top 50 status without more property-specific verification.","Crime: City-level proxy for Tulsa indicates high crime risk (NeighborhoodScout odds ~1 in 107 for violent crime and ~1 in 22 for property crime; Tulsa safer than only about 2% of U.S. cities). This is not parcel- or neighborhood-specific and is low-confidence, but it still flags elevated risk. Economics: Tract-level data show median household income of about $60,379, poverty rate 17.6%, unemployment 6.33%, median home value $86,400, median gross rent $964, vacancy rate 21.85%, and owner-occupied rate 50.92%. Overall this suggests a mixed but not severely distressed area: moderate incomes and low home values with relatively high vacancy and only about half of units owner-occupied.","1) Property type is coded as C, suggesting commercial or non-residential use, which may not fit a residential investment strategy and could involve different zoning, rehab, and exit dynamics. 2) Crime risk is flagged as high based on city-level data for Tulsa, and parcel-level or 0.5-mile incident data are unavailable, so local safety conditions are uncertain. 3) High vacancy rate (~21.9%) in the tract may signal weaker housing demand or neighborhood instability, which can affect rentability and resale. 4) Owner-occupancy is only about 51%, which can correlate with more transient tenants and potentially higher management and maintenance burdens. 5) Owner name and some basic property details (exact use, structure type, building condition) are unknown, increasing uncertainty about actual usability and costs.","1) Exact property use and improvements (whether this is a building vs. land-only, and whether it is truly commercial, mixed-use, or residential). 2) Current zoning designation and any restrictions on use or redevelopment. 3) Parcel-level or block-level crime data within 0.5 miles, including recent incident counts and types. 4) Physical condition of any structures (roof, foundation, utilities, code violations, environmental issues). 5) Current occupancy status, tenants (if any), and any liens or encumbrances beyond the tax issue. 6) More precise market comps for similar properties on or near E Admiral Blvd in this tract.","Verify the property’s actual use and zoning (commercial vs. residential) through county assessor records and zoning maps, then obtain recent street-level imagery or an in-person drive-by to confirm structure presence, condition, and surrounding block quality; if it proves to be a viable residential or mixed-use asset in acceptable condition, follow with a focused check on nearby sales/rent comps and any code enforcement or nuisance history before considering it for the Top 50 list.",Medium
58125-73-36-00540,5.64,Risky / Needs Verification,Watch,Bid cost 925.84 for parcel 58125-73-36-00540 at 17464 S 89 AV E stays in Risky / Needs Verification because crime risk is Medium and economic data is Unknown; fallback confidence is Low.,Crime signal is Medium with Low confidence. Economic risk is Unknown with Unknown confidence.,Geocoding confidence is weak. Crime context is low-confidence and city-level only. Economic coverage is weak or incomplete.,Fallback used: Reasoning summary missing required concrete fields.,"Verify assessor details, title/liens, street-level condition, and whether the parcel is practically usable before bidding.",Low
55300-91-03-01060,5.17,Risky / Needs Verification,Watch,Bid cost 934.57 for parcel 55300-91-03-01060 at 911 W 10 ST N stays in Risky / Needs Verification because crime risk is Unknown and economic data is Unknown; fallback confidence is Low.,Crime signal is Unknown with Unknown confidence. Economic risk is Unknown with Unknown confidence.,Geocoding confidence is weak. Economic coverage is weak or incomplete.,Fallback used: Reasoning summary missing required concrete fields.,"Verify assessor details, title/liens, street-level condition, and whether the parcel is practically usable before bidding.",Low
23175-03-30-13010,5.2,Avoid,Avoid,"At a bid cost of $986.56 for parcel 23175-03-30-13010 (2545 N ROCKFORD AV E, Tulsa 74106), the area and property profile are not attractive for a Top 50 list slot. The property type is tagged as C IMP, suggesting commercial or unclear improvements, which is misaligned with a residential-focused auction strategy. The tract shows weak economic fundamentals (low median home value around $68.6k, high poverty near 39%, high unemployment over 22%, high vacancy near 19%, and low owner-occupancy under 40%), which limits appreciation and exit options. Crime risk is flagged as high at the city level for Tulsa, and while that proxy is low-confidence and not parcel-specific, it still weighs negatively. Strong geocoding and clarity scores help, but they do not offset the combination of high crime proxy, weak local economics, and unclear property use.","Crime: City-level proxy for Tulsa indicates high crime risk, with Tulsa reportedly safer than only about 2% of U.S. cities and an overall crime rate around 45 per 1,000 residents. Violent and property crime odds are elevated, but these are city-wide estimates, not parcel or 0.5-mile specific, so confidence is low. Economics (Census Tract 500): Median household income is about $32,356 with a high poverty rate (~39%) and very high unemployment (~22%), indicating substantial economic stress. Median home value is low (~$68,600) and median gross rent is modest (~$745), suggesting limited upside and weaker tenant base. Vacancy is high (~18.7%) and owner-occupancy is low (~37.6%), both consistent with neighborhood instability and higher management and turnover risk. Overall, the tract is categorized as high economic risk with high confidence.","1) Property type ambiguity: Classified as C IMP, likely commercial or non-standard improvements, which may not fit a residential investment strategy and could involve different zoning, use restrictions, or limited buyer pool. 2) High crime proxy: City-level data for Tulsa indicates high crime risk; although low-confidence at the parcel level, it still signals safety and insurance concerns. 3) Weak economic context: High poverty, high unemployment, low median home value, and high vacancy in Census Tract 500 reduce prospects for appreciation, stable rents, and quality tenant demand. 4) Low owner-occupancy: Around 37.6% owner-occupied suggests a more transient, renter-heavy area with potentially higher turnover and property upkeep challenges. 5) Exit and financing risk: Low values and area risk may limit resale demand and make conventional financing or refinancing more difficult for future buyers. 6) Data limitations: Crime data is only a city-level proxy, not parcel-specific, so true local safety conditions remain uncertain but are unlikely to be substantially better than the city average given the tract’s weak economics.","1) No parcel-level or 0.5-mile crime incident data; only city-level proxy is available. 2) No detailed property characteristics (building size, year built, condition, current use, utilities, code violations, or occupancy status). 3) No confirmation of zoning or whether C IMP is strictly commercial, mixed-use, or some other improvement type. 4) No current or recent market comps, rent comps, or time-on-market data for nearby properties. 5) No information on tax delinquency amount relative to market value, liens, or other encumbrances. 6) No inspection data, photos, or evidence of structural or environmental issues.","If considered despite the Avoid rating, first verify the exact property use and zoning for 2545 N ROCKFORD AVE (parcel 23175-03-30-13010) with Tulsa County records or the city planning/zoning office to confirm whether it is commercial, mixed-use, or residential and to understand any use restrictions. In parallel, pull recent sales and rent comps within the same census tract to gauge realistic exit value and rent potential, and check county records for liens, code violations, and structures present on the lot.",Medium
54900-90-10-01020,4.68,Avoid,Avoid,Bid cost 974.56 for parcel 54900-90-10-01020 at ADDRESS UNKNOWN stays in Avoid because crime risk is Unknown and economic data is Unknown; fallback confidence is Low.,Crime signal is Unknown with Unknown confidence. Economic risk is Unknown with Unknown confidence.,Address is missing or unclear. Geocoding confidence is weak. Economic coverage is weak or incomplete.,Fallback used: Reasoning summary missing required concrete fields.,"Verify assessor details, title/liens, street-level condition, and whether the parcel is practically usable before bidding.",Low
